image,label
10027,3_b7_1
10037,3_00_0
10043,3_00_0
10045,3_00_0
10063,3_00_0
10090,3_b7_1
10109,3_b7_1
10115,3_00_0
10117,4_00_0
10118,3_a9_1
10124,1_00_0
10169,4_00_0
10173,3_b3_1
10192,5_b8_1
10199,3_b7_1
10201,3_00_0
10224,1_00_0
10226,3_00_0
10238,3_b3_1
10251,3_b8_1
10252,5_b8_1
10263,5_b6_1
10274,1_00_0
10299,4_00_0
10300,3_b8_1
10304,3_00_0
10323,3_b6_1
10328,3_a9_1
10345,1_00_0
10348,3_00_0
10365,3_b7_1
10369,6_00_0
10418,6_00_0
10419,3_00_0
10421,6_00_0
10442,2_a5_2
10462,3_a9_2
10478,6_00_0
10480,2_a5_2
10496,3_00_0
10505,3_a9_1
10513,1_00_0
10519,2_00_0
10523,3_00_0
10525,3_00_0
10540,3_00_0
10546,3_00_0
10549,5_a7_2
10601,1_00_0
10612,6_00_0
10635,1_00_0
10649,5_b6_1
10652,3_b7_1
10653,1_00_0
10677,3_00_0
10682,2_a5_2
10693,2_a5_2
10706,3_a9_1
10721,1_00_0
10733,3_00_0
10738,4_00_0
10764,3_b6_1
10813,3_00_0
10817,4_00_0
10826,3_00_0
10828,4_00_0
10834,3_00_0
10847,1_00_0
10850,6_00_0
10851,2_00_0
10858,5_b6_1
10862,1_00_0
10864,4_00_0
10879,3_00_0
10880,5_b6_1
10882,2_00_0
10908,3_00_0
10922,4_00_0
10925,6_00_0
10927,3_b8_1
10945,6_00_0
10950,1_00_0
10970,3_00_0
10983,6_00_0
10991,4_00_0
10997,6_00_0
11003,1_00_0
11040,1_00_0
11045,4_00_0
11050,3_00_0
11058,4_00_0
11087,3_a9_2
11107,3_b7_1
11119,2_00_0
11122,1_00_0
11134,6_00_0
11138,2_a5_2
11148,3_00_0
11149,6_00_0
11150,2_a5_2
11159,3_b7_1
11165,2_a5_2
11179,3_b8_1
11193,1_00_0
11198,3_a9_1
11221,3_00_0
11225,2_a5_2
11231,3_b3_1
11233,3_b7_1
11242,3_b8_1
11261,3_b7_1
11292,3_00_0
11295,1_00_0
11314,5_a7_2
11321,1_00_0
11333,3_b3_1
11335,1_00_0
11346,4_00_0
11350,5_b7_1
11358,3_b3_1
11364,4_00_0
11400,6_00_0
11402,6_00_0
11403,3_a9_1
11407,6_00_0
11409,1_00_0
11438,4_00_0
11443,3_00_0
11449,4_00_0
11470,3_00_0
11482,3_00_0
11485,3_b7_1
11492,5_b8_1
11497,2_a5_2
11498,1_00_0
11523,3_a9_1
11526,5_b8_1
11533,4_00_0
11537,6_00_0
11542,6_00_0
11546,4_00_0
11556,3_b3_1
11558,3_00_0
11568,4_00_0
11596,3_b3_1
11618,6_00_0
11622,4_00_0
11639,5_a7_2
11644,3_00_0
11648,1_00_0
11655,2_a5_2
11664,1_00_0
11673,3_00_0
11715,3_b7_1
11724,6_00_0
11738,6_00_0
11740,2_00_0
11744,6_00_0
11759,5_b6_1
11766,1_00_0
11768,3_b8_1
11770,3_a9_3
11773,3_00_0
11777,3_b3_1
11785,1_00_0
11798,1_00_0
11804,3_00_0
11811,4_00_0
11860,3_b7_1
11864,3_b7_1
11883,1_00_0
11886,6_00_0
11895,3_b8_1
11921,5_b6_1
11931,5_b6_1
11936,6_00_0
11942,4_00_0
11943,5_a7_2
11945,3_b6_1
11951,3_a9_1
11977,1_00_0
11978,3_00_0
11990,6_00_0
11995,1_00_0
11997,3_00_0
12010,6_00_0
12045,3_00_0
12054,1_00_0
12055,1_00_0
12063,3_00_0
12071,6_00_0
12085,3_b6_1
12136,3_b8_1
12148,4_00_0
12152,3_00_0
12158,3_b6_1
12164,6_00_0
12173,6_00_0
12179,1_00_0
12185,2_a5_2
12190,3_00_0
12197,3_a9_1
12203,6_00_0
12205,3_00_0
12214,3_00_0
12217,1_00_0
12225,1_00_0
12231,6_00_0
12232,6_b4_1
12239,3_b8_1
12240,3_00_0
12253,2_00_0
12256,3_a9_2
12258,4_00_0
12276,3_00_0
12283,3_00_0
12285,4_00_0
12290,3_00_0
12294,5_b6_1
12299,3_00_0
12310,4_00_0
12344,5_a7_2
12348,3_00_0
12356,6_00_0
12357,1_00_0
12361,4_00_0
12389,3_00_0
12422,6_00_0
12446,3_00_0
12448,5_b7_1
12452,3_b7_1
12455,1_00_0
12470,5_b6_1
12476,2_a5_2
12483,4_00_0
12485,5_00_0
12504,3_b3_1
12515,3_00_0
12519,6_00_0
12522,4_00_0
12536,3_00_0
12543,2_a5_2
12550,6_00_0
12576,3_00_0
12589,3_00_0
12591,3_00_0
12598,1_00_0
12604,1_00_0
12652,3_b8_1
12655,5_b6_1
12679,5_b6_1
12683,3_b6_1
12692,1_00_0
12696,3_00_0
12698,6_00_0
12712,2_00_0
12716,1_00_0
12721,4_00_0
12723,1_00_0
12727,3_b3_1
12734,4_00_0
12738,3_00_0
12748,6_00_0
12770,3_00_0
12793,5_a7_2
12796,6_00_0
12797,6_00_0
12817,6_00_0
12827,3_b7_1
12834,1_00_0
12838,4_00_0
12841,3_b6_1
12842,1_00_0
12891,6_00_0
12892,1_00_0
12905,1_00_0
12916,2_a5_2
12922,3_00_0
12928,4_00_0
12949,3_b3_1
12961,3_b7_1
12978,1_00_0
12982,3_a9_3
13018,1_00_0
13019,4_00_0
13033,4_00_0
13034,6_00_0
13036,4_00_0
13041,6_00_0
13051,6_00_0
13054,6_b4_3
13056,3_00_0
13061,5_b7_1
13064,1_00_0
13069,3_00_0
13071,1_00_0
13082,6_00_0
13109,3_00_0
13135,5_b6_1
13141,6_00_0
13143,6_00_0
13145,2_a5_2
13152,3_00_0
13156,3_00_0
13167,4_00_0
13180,4_00_0
13183,4_00_0
13186,2_00_0
13193,3_00_0
13196,3_00_0
13203,5_b8_1
13210,3_b8_1
13217,4_00_0
13224,6_a11_1
13229,4_00_0
13231,4_00_0
13240,2_a5_2
13242,6_00_0
13249,3_b7_1
13252,3_b7_1
13271,2_a5_2
13273,6_00_0
13289,1_00_0
13291,1_00_0
13298,3_00_0
13300,1_00_0
13305,4_00_0
13320,3_b3_1
13338,1_00_0
13351,4_00_0
13356,5_00_0
13364,4_00_0
13392,4_00_0
13403,6_00_0
13413,6_00_0
13426,5_00_0
13444,5_b6_1
13452,1_00_0
13454,5_00_0
13478,6_00_0
13483,2_00_0
13488,4_00_0
13492,3_a9_2
13502,3_00_0
13506,3_00_0
13514,3_00_0
13521,5_b7_1
13532,1_00_0
13579,4_00_0
13583,1_00_0
13599,6_00_0
13601,3_a9_1
13614,3_b7_1
13626,1_00_0
13644,3_a9_2
13658,5_b8_1
13667,1_00_0
13674,6_a12_1
13679,6_a12_2
13691,5_b6_1
13693,4_00_0
13698,3_b8_1
13709,3_00_0
13719,3_b8_1
13721,6_00_0
13726,4_00_0
13741,4_00_0
13748,3_00_0
13761,2_a5_2
13794,4_00_0
13813,3_00_0
13816,5_b7_1
13818,1_00_0
13820,6_00_0
13828,3_b3_1
13845,4_00_0
13848,3_00_0
13861,4_00_0
13863,3_00_0
13885,3_b7_1
13895,6_00_0
13932,1_00_0
13945,5_00_0
13980,6_00_0
13983,6_00_0
13986,3_00_0
13993,1_00_0
13998,4_00_0
14003,4_00_0
14017,4_00_0
14035,1_00_0
14050,3_00_0
14082,4_00_0
14093,3_b3_1
14107,5_a7_2
14119,1_00_0
14142,4_00_0
14148,3_00_0
14163,3_00_0
14164,6_00_0
14168,1_00_0
14178,4_00_0
14179,6_00_0
14187,3_00_0
14212,3_a9_2
14223,3_b6_1
14236,6_00_0
14239,1_00_0
14247,6_00_0
14248,1_00_0
14268,3_00_0
14273,1_00_0
14275,5_b7_1
14291,3_00_0
14314,3_00_0
14317,4_00_0
14322,3_00_0
14324,3_b7_1
14353,1_00_0
14358,5_a7_2
14363,5_b7_1
14369,3_b6_1
14404,2_a5_2
14405,4_00_0
14411,6_00_0
14412,6_00_0
14417,5_b6_1
14419,4_00_0
14423,3_a9_1
14438,3_00_0
14445,4_00_0
14468,4_00_0
14471,3_00_0
14481,3_b8_1
14490,3_00_0
14495,6_a11_1
14498,4_00_0
14507,6_00_0
14518,3_b8_1
14529,4_00_0
14545,6_a12_2
14568,3_00_0
14577,4_00_0
14585,3_00_0
14601,5_b8_1
14623,1_00_0
14646,3_a9_2
14649,1_00_0
14659,1_00_0
14669,3_00_0
14694,1_00_0
14702,5_00_0
14722,4_00_0
14723,6_00_0
14756,6_00_0
14772,1_00_0
14780,5_b7_1
14796,5_b7_1
14802,1_00_0
14812,4_00_0
14814,6_a12_2
14824,3_00_0
14835,5_b6_1
14841,1_00_0
14873,5_00_0
14876,1_00_0
14879,3_00_0
14895,1_00_0
14926,3_00_0
14943,1_00_0
14949,5_b6_1
14955,6_00_0
14957,1_00_0
14963,3_b7_1
14965,1_00_0
14966,2_00_0
14968,6_b4_1
14975,3_a9_2
14986,3_a9_1
14994,6_00_0
15010,6_00_0
15014,2_00_0
15019,6_00_0
15022,6_00_0
15026,3_a9_2
15043,3_00_0
15071,3_b3_1
15072,3_00_0
15089,3_b7_1
15097,3_00_0
15109,6_00_0
15129,3_b7_1
15131,6_00_0
15132,3_b6_1
15141,4_00_0
15152,1_00_0
15156,3_00_0
15176,2_a5_2
15201,6_a11_1
15218,5_a7_2
15227,3_b8_1
15232,1_00_0
15236,3_a9_1
15239,2_a5_2
15245,1_00_0
15263,5_a7_2
15267,4_00_0
15273,5_b8_1
15295,4_00_0
15302,4_00_0
15328,1_00_0
15339,4_00_0
15362,4_00_0
15367,6_00_0
15368,3_b6_1
15379,5_b7_1
15381,6_00_0
15384,4_00_0
15391,3_a9_1
15405,3_b3_1
15411,3_b7_1
15416,4_00_0
15427,4_00_0
15435,6_00_0
15436,3_b8_1
15452,1_00_0
15468,2_a5_2
15486,4_00_0
15491,5_b6_1
15493,1_00_0
15497,6_00_0
15503,3_00_0
15507,3_b3_1
15509,5_b8_1
15512,6_00_0
15519,5_b8_1
15521,3_00_0
15554,5_b8_1
15572,3_b8_1
15575,3_00_0
15582,3_b6_1
15586,6_00_0
15596,6_00_0
15598,4_00_0
15624,2_a5_2
15633,3_b3_1
15663,3_a9_1
15674,3_00_0
15676,3_00_0
15681,3_00_0
15684,6_00_0
15692,3_00_0
15702,5_b7_1
15709,6_00_0
15710,2_a5_2
15716,6_a12_2
15718,1_00_0
15723,3_a9_1
15738,3_00_0
15742,3_b6_1
15765,1_00_0
15767,3_a9_2
15769,4_00_0
15776,2_a5_2
15778,3_00_0
15782,3_00_0
15788,3_a9_3
15801,6_00_0
15802,3_00_0
15805,1_00_0
15842,6_00_0
15843,3_00_0
15845,6_00_0
15846,4_00_0
15861,4_00_0
15866,4_00_0
15873,3_00_0
15880,6_00_0
15892,3_b3_1
15905,3_00_0
15909,1_00_0
15911,6_a12_1
15914,5_b7_1
15918,6_00_0
15943,1_00_0
15959,3_00_0
15967,3_00_0
15969,3_00_0
15978,1_00_0
15993,3_00_0
16005,6_00_0
16011,4_00_0
16045,4_00_0
16057,3_00_0
16075,6_00_0
16076,5_a7_2
16080,3_00_0
16105,3_00_0
16108,5_b6_1
16112,2_00_0
16113,3_00_0
16115,3_a9_1
16125,3_b6_1
16138,4_00_0
16150,4_00_0
16152,3_00_0
16172,4_00_0
16186,3_00_0
16194,3_00_0
16195,4_00_0
16197,3_00_0
16203,6_00_0
16213,1_00_0
16225,6_00_0
16234,4_00_0
16238,6_00_0
16246,1_00_0
16266,4_00_0
16267,6_b5_1
16269,6_00_0
16290,3_b3_1
16291,3_00_0
16298,4_00_0
16300,3_b7_1
16308,5_a7_2
16315,3_00_0
16324,6_00_0
16335,4_00_0
16350,3_00_0
16362,2_a5_2
16395,4_00_0
16402,3_a9_2
16423,3_00_0
16427,3_00_0
16435,2_00_0
16437,1_00_0
16455,1_00_0
16469,3_a9_2
16485,3_00_0
16486,3_00_0
16491,1_00_0
16503,3_00_0
16505,4_00_0
16512,1_00_0
16514,2_a5_2
16523,5_b6_1
16531,4_00_0
16554,1_00_0
16556,6_00_0
16568,4_00_0
16571,6_00_0
16577,6_00_0
16587,2_a5_2
16603,3_b8_1
16604,4_00_0
16606,3_b7_1
16607,6_00_0
16609,3_b8_1
16621,2_a5_2
16626,4_00_0
16643,3_b6_1
16647,1_00_0
16651,1_00_0
16652,1_00_0
16675,6_00_0
16678,3_00_0
16709,3_a9_1
16729,3_a9_3
16737,4_00_0
16746,6_00_0
16748,3_00_0
16752,6_00_0
16757,1_00_0
16758,2_00_0
16759,4_00_0
16764,6_00_0
16766,2_00_0
16767,3_b8_1
16776,3_00_0
16796,3_b6_1
16811,3_00_0
16821,3_a9_2
16842,3_b8_1
16845,3_00_0
16866,1_00_0
16872,3_a9_3
16884,1_00_0
16938,6_00_0
16947,5_b6_1
16951,6_00_0
16958,4_00_0
16962,3_a9_2
16963,2_a5_2
16979,3_00_0
16983,3_b7_1
16985,5_b8_1
16991,4_00_0
16992,4_00_0
17006,5_a7_2
17017,3_00_0
17026,3_00_0
17051,3_b8_1
17055,1_00_0
17061,3_00_0
17065,4_00_0
17066,3_b7_1
17067,1_00_0
17079,3_b6_1
17080,1_00_0
17117,1_00_0
17119,3_00_0
17125,3_b6_1
17126,6_00_0
17127,2_a5_2
17129,3_00_0
17135,3_00_0
17160,1_00_0
17183,2_00_0
17187,5_b6_1
17188,3_00_0
17205,4_00_0
17223,6_00_0
17232,6_00_0
17247,5_b8_1
17251,3_00_0
17259,3_a9_1
17261,4_00_0
17266,3_00_0
17268,4_00_0
17300,3_b8_1
17303,5_b6_1
17305,4_00_0
17310,3_00_0
17316,3_00_0
17324,3_b3_1
17326,3_00_0
17327,3_a9_1
17328,3_00_0
17332,1_00_0
17334,2_00_0
17341,6_00_0
17344,6_a11_2
17346,3_b6_1
17349,6_00_0
17354,1_00_0
17367,4_00_0
17368,1_00_0
17370,3_b7_1
17401,3_00_0
17420,3_00_0
17427,3_b6_1
17428,3_b3_1
17442,3_b6_1
17446,6_00_0
17451,2_a5_2
17463,6_00_0
17465,1_00_0
17482,5_b8_1
17487,3_b8_1
17497,3_b3_1
17508,4_00_0
17521,5_b6_1
17534,4_00_0
17551,4_00_0
17569,3_00_0
17573,5_b7_1
17575,1_00_0
17579,2_00_0
17580,3_00_0
17592,3_00_0
17595,3_00_0
17603,1_00_0
17607,3_00_0
17608,6_a11_1
17627,5_b7_1
17633,4_00_0
17638,1_00_0
17665,4_00_0
17681,6_00_0
17714,5_b7_1
17737,1_00_0
17752,4_00_0
17768,3_00_0
17785,3_b3_1
17788,5_00_0
17816,3_00_0
17835,5_00_0
17836,3_00_0
17839,3_00_0
17842,3_00_0
17849,2_a5_2
17851,3_00_0
17862,3_00_0
17873,3_b7_1
17879,1_00_0
17883,5_00_0
17902,3_b3_1
17917,3_00_0
17918,3_a9_2
17944,3_00_0
17953,6_a11_1
17962,2_00_0
17968,3_a9_2
17989,3_00_0
18009,1_00_0
18017,6_00_0
18042,6_00_0
18055,5_b7_1
18063,6_00_0
18064,5_a7_2
18088,3_00_0
18094,4_00_0
18095,3_a9_1
18109,1_00_0
18110,2_a5_2
18119,1_00_0
18129,1_00_0
18132,1_00_0
18145,4_00_0
18146,3_00_0
18154,6_a11_1
18171,6_00_0
18185,1_00_0
18199,3_b6_1
18204,3_00_0
18212,1_00_0
18248,3_b7_1
18257,6_00_0
18267,2_00_0
18273,5_b7_1
18274,3_b7_1
18302,3_b3_1
18321,3_b6_1
18329,4_00_0
18333,6_00_0
18343,5_00_0
18352,3_b8_1
18391,3_a9_1
18408,6_b5_1
18418,3_a9_1
18425,6_00_0
18437,1_00_0
18441,3_00_0
18450,4_00_0
18459,3_00_0
18464,3_b8_1
18480,3_00_0
18481,1_00_0
18496,6_00_0
18499,5_b8_1
18525,3_b8_1
18529,3_00_0
18559,4_00_0
18575,3_00_0
18590,2_a5_2
18591,4_00_0
18601,6_00_0
18619,6_00_0
18621,2_a5_2
18633,6_00_0
18644,3_00_0
18646,6_00_0
18648,4_00_0
18649,3_00_0
18652,3_a9_1
18672,3_a9_1
18683,5_b7_1
18686,3_00_0
18696,6_00_0
18697,3_00_0
18711,4_00_0
18713,3_b3_1
18718,4_00_0
18724,3_00_0
18726,4_00_0
18733,5_b7_1
18741,4_00_0
18751,3_b8_1
18753,3_b3_1
18755,3_00_0
18787,4_00_0
18788,6_00_0
18798,3_b7_1
18804,1_00_0
18830,5_b7_1
18831,2_a5_2
18841,3_00_0
18848,3_00_0
18867,6_00_0
18870,6_00_0
18875,1_00_0
18891,5_b7_1
18897,6_00_0
18901,3_00_0
18910,1_00_0
18934,3_00_0
18941,5_b6_1
18946,3_00_0
18949,6_00_0
18951,1_00_0
18958,4_00_0
18961,4_00_0
18974,1_00_0
18978,5_b7_1
18980,5_b6_1
18982,1_00_0
18989,1_00_0
18996,3_a9_1
19011,3_00_0
19016,3_00_0
19019,1_00_0
19048,4_00_0
19060,4_00_0
19076,5_b8_1
19081,5_a7_2
19093,4_00_0
19103,6_00_0
19111,1_00_0
19120,6_00_0
19132,4_00_0
19138,1_00_0
19143,3_b3_1
19156,5_b8_1
19158,1_00_0
19162,1_00_0
19163,3_a9_3
19165,4_00_0
19166,3_b3_1
19167,2_00_0
19169,4_00_0
19175,6_00_0
19178,1_00_0
19189,5_b7_1
19211,6_00_0
19235,3_00_0
19238,3_b6_1
19242,5_a7_2
19250,6_00_0
19255,1_00_0
19262,5_b7_1
19271,3_a9_1
19275,3_a9_3
19288,4_00_0
19290,4_00_0
19294,3_b7_1
19303,6_00_0
19305,3_b3_1
19340,6_00_0
19356,6_00_0
19362,3_00_0
19364,3_00_0
19371,6_00_0
19403,1_00_0
19405,4_00_0
19414,3_00_0
19417,3_b8_1
19446,4_00_0
19452,3_00_0
19453,6_00_0
19455,3_a9_1
19471,3_00_0
19492,3_b8_1
19496,3_00_0
19501,5_b7_1
19503,3_a9_1
19507,4_00_0
19511,3_00_0
19516,4_00_0
19519,3_b3_1
19527,3_00_0
19541,3_00_0
19543,6_b5_1
19546,6_00_0
19548,6_a11_2
19551,4_00_0
19558,1_00_0
19560,3_00_0
19563,3_a9_2
19574,3_b6_1
19580,1_00_0
19586,4_00_0
19588,4_00_0
19598,6_00_0
19605,1_00_0
19619,3_00_0
19634,3_a9_1
19645,1_00_0
19648,4_00_0
19667,3_00_0
19680,1_00_0
19682,6_00_0
19693,3_b3_1
19697,6_a11_1
19699,3_b6_1
19705,3_00_0
19710,4_00_0
19712,4_00_0
19722,3_b3_1
19741,4_00_0
19749,5_b8_1
19755,6_b4_1
19758,3_b8_1
19763,3_00_0
19769,4_00_0
19777,6_00_0
19791,3_00_0
19794,3_b3_1
19797,3_00_0
19801,3_00_0
19802,5_b7_1
19845,6_00_0
19862,2_00_0
19868,1_00_0
19899,6_00_0
19900,1_00_0
19905,3_b8_1
19906,3_b7_1
19938,1_00_0
19939,3_00_0
19942,1_00_0
19964,3_00_0
19989,5_b8_1
19998,3_00_0
20011,5_b7_1
20015,3_00_0
20028,4_00_0
20040,6_00_0
20041,6_00_0
20042,3_00_0
20048,2_a5_2
20065,4_00_0
20068,3_a9_2
20071,3_b3_1
20088,1_00_0
20089,4_00_0
20091,5_b6_1
20095,6_00_0
20120,3_b7_1
20128,5_b8_1
20144,6_00_0
20181,6_a12_2
20183,4_00_0
20187,1_00_0
20188,2_a5_2
20191,3_b3_1
20195,6_00_0
20196,3_b7_1
20199,2_00_0
20202,4_00_0
20205,3_00_0
20206,2_a5_2
20213,1_00_0
20218,6_00_0
20225,2_00_0
20237,3_b8_1
20246,3_00_0
20249,3_b7_1
20259,5_b6_1
20276,5_b6_1
20278,3_b3_1
20283,4_00_0
20291,2_00_0
20292,4_00_0
20298,4_00_0
20326,6_00_0
20328,3_a9_1
20359,4_00_0
20360,6_00_0
20363,3_00_0
20364,4_00_0
20384,1_00_0
20404,3_00_0
20405,2_a5_2
20409,5_b7_1
20422,3_b8_1
20423,5_b7_1
20430,1_00_0
20431,1_00_0
20442,1_00_0
20443,3_00_0
20452,4_00_0
20457,3_a9_3
20471,5_a7_2
20482,4_00_0
20495,3_b6_1
20502,5_b8_1
20513,1_00_0
20523,3_b6_1
20524,4_00_0
20563,6_00_0
20570,4_00_0
20589,4_00_0
20609,3_00_0
20610,3_b3_1
20624,3_b6_1
20627,3_b6_1
20629,3_00_0
20638,1_00_0
20643,4_00_0
20664,1_00_0
20678,4_00_0
20687,4_00_0
20693,6_00_0
20695,3_00_0
20708,3_00_0
20714,4_00_0
20716,4_00_0
20717,3_00_0
20718,6_a12_1
20721,3_00_0
20727,3_00_0
20733,1_00_0
20735,3_00_0
20749,6_00_0
20765,5_a7_2
20767,3_b8_1
20779,2_00_0
20782,5_b8_1
20793,3_00_0
20807,1_00_0
20824,5_00_0
20837,4_00_0
20844,1_00_0
20863,1_00_0
20906,5_b8_1
20907,5_00_0
20946,3_00_0
20950,5_00_0
20963,3_b3_1
20965,5_b8_1
20968,1_00_0
20978,2_a5_2
20990,5_b8_1
21011,1_00_0
21025,6_00_0
21028,1_00_0
21037,3_00_0
21038,5_b6_1
21067,3_00_0
21068,1_00_0
21076,2_00_0
21083,4_00_0
21100,3_b3_1
21107,3_00_0
21120,6_00_0
21142,6_a11_1
21145,6_00_0
21167,1_00_0
21171,4_00_0
21172,3_00_0
21174,3_00_0
21215,3_00_0
21232,3_00_0
21250,4_00_0
21251,6_00_0
21253,1_00_0
21254,1_00_0
21260,1_00_0
21262,3_b6_1
21265,1_00_0
21298,3_00_0
21313,1_00_0
21323,3_b8_1
21335,3_00_0
21338,3_00_0
21345,4_00_0
21347,4_00_0
21348,6_00_0
21349,6_00_0
21361,6_00_0
21379,4_00_0
21388,4_00_0
21394,3_00_0
21405,3_00_0
21419,1_00_0
21440,3_00_0
21469,3_a9_2
21506,5_b8_1
21537,3_a9_3
21552,3_00_0
21571,6_a11_1
21585,3_00_0
21587,6_00_0
21597,1_00_0
21615,1_00_0
21622,3_00_0
21638,3_00_0
21643,3_00_0
21655,3_00_0
21670,1_00_0
21682,1_00_0
21730,2_00_0
21785,5_b8_1
21797,4_00_0
21801,5_b6_1
21804,4_00_0
21811,3_a9_1
21813,4_00_0
21822,6_00_0
21830,3_00_0
21849,1_00_0
21867,4_00_0
21873,4_00_0
21874,4_00_0
21880,6_00_0
21886,1_00_0
21899,3_00_0
21914,4_00_0
21922,3_00_0
21952,4_00_0
21953,4_00_0
21972,1_00_0
21979,3_b3_1
21984,3_b6_1
22004,3_00_0
22006,1_00_0
22008,5_a7_2
22010,1_00_0
22026,1_00_0
22036,5_00_0
22042,5_b6_1
22060,3_b3_1
22067,5_b6_1
22069,5_b8_1
22086,6_00_0
22090,3_b7_1
22095,5_b6_1
22096,6_b4_1
22098,3_00_0
22101,5_b7_1
22139,1_00_0
22186,1_00_0
22187,3_a9_1
22200,5_b6_1
22201,4_00_0
22206,4_00_0
22207,2_a5_2
22209,2_00_0
22217,4_00_0
22220,4_00_0
22225,6_00_0
22228,4_00_0
22262,3_b7_1
22265,2_a5_2
22285,6_00_0
22287,6_00_0
22307,5_b6_1
22315,4_00_0
22324,4_00_0
22352,2_00_0
22407,6_00_0
22415,3_b3_1
22425,1_00_0
22433,5_a7_2
22441,4_00_0
22443,1_00_0
22454,3_00_0
22465,3_a9_2
22480,4_00_0
22483,3_00_0
22497,2_a5_2
22502,6_00_0
22509,3_a9_1
22514,6_00_0
22522,3_00_0
22572,3_00_0
22574,6_00_0
22576,4_00_0
22582,1_00_0
22598,1_00_0
22599,1_00_0
22600,3_00_0
22623,3_00_0
22629,6_00_0
22631,5_b7_1
22634,6_00_0
22646,1_00_0
22648,6_00_0
22684,1_00_0
22706,3_a9_1
22707,6_00_0
22709,3_00_0
22724,4_00_0
22726,3_00_0
22742,6_a11_1
22752,4_00_0
22761,6_00_0
22763,3_a9_2
22765,3_b7_1
22769,1_00_0
22773,6_00_0
22776,1_00_0
22784,5_00_0
22789,3_b7_1
22794,4_00_0
22799,6_00_0
22816,3_00_0
22821,6_00_0
22823,6_00_0
22847,6_00_0
22849,3_a9_2
22858,6_b4_3
22860,3_00_0
22866,3_a9_1
22879,4_00_0
22887,4_00_0
22890,3_00_0
22892,1_00_0
22893,2_a5_2
22908,3_b8_1
22924,3_00_0
22926,4_00_0
22935,6_00_0
22952,6_00_0
22955,5_b8_1
22959,3_b7_1
22960,1_00_0
22964,4_00_0
22971,1_00_0
22976,4_00_0
22982,3_b6_1
22985,4_00_0
22988,6_a12_1
22993,1_00_0
22997,1_00_0
22999,5_b8_1
23000,4_00_0
23005,1_00_0
23016,1_00_0
23031,6_00_0
23042,6_00_0
23062,4_00_0
23067,3_00_0
23071,6_00_0
23073,4_00_0
23075,6_00_0
23091,4_00_0
23103,4_00_0
23178,6_00_0
23185,4_00_0
23190,1_00_0
23212,3_a9_3
23216,4_00_0
23240,5_00_0
23249,3_00_0
23252,2_a5_2
23254,6_00_0
23260,1_00_0
23313,6_00_0
23323,3_a9_3
23325,4_00_0
23326,1_00_0
23344,3_00_0
23358,3_00_0
23362,4_00_0
23389,4_00_0
23404,1_00_0
23415,3_00_0
23416,6_00_0
23417,3_00_0
23426,3_a9_3
23428,4_00_0
23433,3_b8_1
23443,1_00_0
23458,2_a5_2
23459,5_b7_1
23464,3_a9_2
23467,1_00_0
23471,1_00_0
23472,4_00_0
23476,4_00_0
23479,3_a9_2
23483,3_00_0
23491,3_00_0
23495,3_00_0
23501,3_a9_1
23520,1_00_0
23521,3_00_0
23526,3_a9_1
23528,5_b7_1
23537,3_b6_1
23538,4_00_0
23539,6_00_0
23561,5_a7_2
23570,2_00_0
23580,5_b6_1
23582,6_00_0
23584,3_b7_1
23602,6_00_0
23604,4_00_0
23610,3_00_0
23623,4_00_0
23636,3_00_0
23639,2_a5_2
23640,6_00_0
23645,3_00_0
23649,1_00_0
23651,6_00_0
23659,3_a9_2
23669,5_b7_1
23681,3_00_0
23692,5_00_0
23697,5_b8_1
23710,3_00_0
23721,3_b7_1
23729,2_a5_2
23742,3_00_0
23754,3_00_0
23767,4_00_0
23769,4_00_0
23771,1_00_0
23784,6_00_0
23797,1_00_0
23798,4_00_0
23812,4_00_0
23837,3_00_0
23843,2_00_0
23853,3_a9_2
23860,4_00_0
23863,6_a12_2
23867,3_00_0
23881,3_a9_2
23886,6_00_0
23898,4_00_0
23901,4_00_0
23927,3_00_0
23938,6_00_0
23955,3_00_0
24016,1_00_0
24019,3_00_0
24043,1_00_0
24046,4_00_0
24052,3_00_0
24061,4_00_0
24063,1_00_0
24081,3_b6_1
24087,5_00_0
24095,6_00_0
24107,6_00_0
24126,4_00_0
24129,3_b7_1
24143,3_00_0
24145,2_00_0
24169,5_b8_1
24177,3_b3_1
24189,3_b8_1
24196,6_00_0
24198,1_00_0
24207,4_00_0
24219,4_00_0
24229,3_00_0
24268,1_00_0
24285,6_00_0
24287,5_b7_1
24304,1_00_0
24313,6_00_0
24323,6_00_0
24335,4_00_0
24337,1_00_0
24342,3_a9_2
24352,3_00_0
24354,3_00_0
24360,3_00_0
24372,6_00_0
24373,6_00_0
24383,6_00_0
24408,6_00_0
24411,3_00_0
24412,1_00_0
24422,3_00_0
24426,3_00_0
24428,5_b7_1
24436,1_00_0
24440,4_00_0
24443,4_00_0
24465,3_00_0
24474,1_00_0
24481,3_00_0
24487,3_00_0
24501,1_00_0
24518,2_00_0
24534,3_b6_1
24540,1_00_0
24542,5_b8_1
24561,3_00_0
24569,3_00_0
24600,6_00_0
24616,6_00_0
24624,6_00_0
24630,2_a5_2
24633,4_00_0
24637,4_00_0
24643,4_00_0
24663,3_00_0
24672,3_00_0
24677,3_00_0
24678,4_00_0
24706,1_00_0
24717,1_00_0
24730,4_00_0
24736,3_b7_1
24740,3_00_0
24742,3_b8_1
24748,6_a12_2
24751,4_00_0
24753,4_00_0
24766,1_00_0
24795,1_00_0
24796,5_b7_1
24798,6_00_0
24804,3_00_0
24807,4_00_0
24820,4_00_0
24850,1_00_0
24857,5_b8_1
24861,4_00_0
24864,3_00_0
24883,6_00_0
24884,3_b7_1
24887,3_b8_1
24890,4_00_0
24899,3_00_0
24903,1_00_0
24931,6_00_0
24936,2_a5_2
24942,3_00_0
24948,3_00_0
24957,3_b8_1
24958,4_00_0
24972,3_b7_1
25018,4_00_0
25019,3_a9_2
25028,6_00_0
25031,3_a9_1
25038,5_b6_1
25040,5_a7_2
25041,3_00_0
25049,4_00_0
25051,1_00_0
25056,3_00_0
25062,5_b6_1
25068,2_a5_2
25082,4_00_0
25085,1_00_0
25096,2_a5_2
25099,6_00_0
25102,3_00_0
25106,3_b3_1
25123,6_b4_1
25131,3_00_0
25145,1_00_0
25149,6_00_0
25151,3_00_0
25159,3_00_0
25166,5_b6_1
25168,3_b8_1
25169,3_00_0
25174,4_00_0
25177,3_00_0
25183,5_00_0
25189,6_a11_1
25225,3_00_0
25266,3_a9_2
25279,3_a9_2
25314,2_a5_2
25322,1_00_0
25332,5_b6_1
25338,6_00_0
25345,3_a9_2
25380,6_00_0
25386,4_00_0
25398,3_a9_1
25402,3_b8_1
25408,1_00_0
25417,1_00_0
25419,3_00_0
25431,4_00_0
25437,5_a7_2
25451,4_00_0
25460,1_00_0
25487,3_a9_2
25489,1_00_0
25506,3_00_0
25517,1_00_0
25526,2_00_0
25560,1_00_0
25565,4_00_0
25566,5_b6_1
25571,3_00_0
25606,3_b6_1
25614,3_b8_1
25640,3_a9_1
25644,5_b8_1
25667,6_00_0
25670,1_00_0
25671,3_b7_1
25674,3_b6_1
25684,6_00_0
25685,4_00_0
25689,1_00_0
25693,6_00_0
25698,1_00_0
25702,1_00_0
25713,5_00_0
25721,5_a7_2
25730,2_a5_2
25770,5_b7_1
25780,1_00_0
25782,3_00_0
25796,3_a9_1
25800,2_00_0
25807,5_b8_1
25817,4_00_0
25819,3_00_0
25846,6_a11_1
25857,6_00_0
25859,6_b4_1
25860,2_00_0
25876,5_a7_2
25884,5_00_0
25899,1_00_0
25910,6_00_0
25912,3_00_0
25928,3_00_0
25932,1_00_0
25940,6_00_0
25948,3_b6_1
25971,6_00_0
25980,4_00_0
25982,5_b8_1
25988,2_00_0
25994,2_a5_2
25998,4_00_0
26001,5_00_0
26010,6_00_0
26011,5_b6_1
26019,6_00_0
26032,5_a7_2
26042,3_00_0
26071,4_00_0
26099,2_00_0
26108,5_b7_1
26109,3_a9_2
26118,1_00_0
26120,1_00_0
26129,2_a5_2
26143,3_00_0
26151,3_00_0
26185,3_00_0
26188,3_00_0
26202,6_00_0
26203,6_00_0
26209,1_00_0
26234,6_00_0
26237,2_a5_2
26247,3_b6_1
26252,3_a9_3
26254,4_00_0
26260,4_00_0
26297,6_00_0
26300,3_b3_1
26313,6_00_0
26321,3_00_0
26330,5_b7_1
26340,3_b7_1
26377,3_00_0
26382,4_00_0
26384,1_00_0
26391,6_00_0
26400,5_00_0
26411,6_00_0
26413,3_b3_1
26438,4_00_0
26443,4_00_0
26446,3_a9_1
26456,5_b7_1
26464,5_b7_1
26499,1_00_0
26501,4_00_0
26514,3_00_0
26538,1_00_0
26545,3_b7_1
26547,5_b8_1
26552,6_00_0
26553,3_00_0
26565,5_b8_1
26586,4_00_0
26602,1_00_0
26617,2_00_0
26622,4_00_0
26636,1_00_0
26684,1_00_0
26699,6_00_0
26731,3_b8_1
26736,3_00_0
26749,3_00_0
26753,1_00_0
26756,6_a11_1
26760,2_a5_2
26777,3_a9_1
26781,2_00_0
26784,4_00_0
26798,4_00_0
26801,1_00_0
26816,3_a9_1
26875,4_00_0
26887,4_00_0
26898,3_b3_1
26899,6_00_0
26923,6_00_0
26944,3_b3_1
26950,1_00_0
26951,3_00_0
26954,3_00_0
26955,5_b7_1
26962,3_00_0
26968,3_b3_1
26978,1_00_0
26998,1_00_0
27013,2_a5_2
27021,5_b7_1
27022,3_b8_1
27029,3_b8_1
27073,3_a9_1
27074,3_00_0
27075,2_00_0
27076,3_00_0
27080,1_00_0
27089,4_00_0
27105,3_00_0
27120,6_00_0
27127,6_a12_2
27137,1_00_0
27141,1_00_0
27145,3_a9_3
27158,3_00_0
27165,6_a11_1
27174,3_00_0
27176,5_00_0
27184,4_00_0
27189,4_00_0
27195,3_a9_1
27229,6_00_0
27231,3_b3_1
27233,3_b7_1
27260,4_00_0
27275,2_a5_2
27313,3_b3_1
27315,3_b7_1
27320,3_00_0
27321,3_b6_1
27323,4_00_0
27345,5_a7_2
27362,3_a9_1
27382,1_00_0
27413,1_00_0
27427,3_00_0
27442,1_00_0
27449,4_00_0
27464,3_b7_1
27472,3_00_0
27476,1_00_0
27482,4_00_0
27496,5_b7_1
27507,1_00_0
27522,3_00_0
27523,3_b8_1
27528,5_b7_1
27536,4_00_0
27539,5_b6_1
27556,5_00_0
27561,6_a12_1
27576,4_00_0
27586,4_00_0
27591,3_00_0
27594,3_b7_1
27602,3_b8_1
27608,3_00_0
27612,4_00_0
27629,1_00_0
27655,4_00_0
27675,3_a9_1
27686,2_a5_2
27706,3_a9_1
27714,3_00_0
27743,3_00_0
27745,1_00_0
27773,6_00_0
27774,3_00_0
27800,6_00_0
27801,3_00_0
27814,1_00_0
27818,3_00_0
27831,3_00_0
27837,4_00_0
27844,5_b6_1
27860,1_00_0
27862,6_00_0
27870,1_00_0
27874,6_00_0
27879,6_00_0
27884,5_b7_1
27897,3_00_0
27899,3_00_0
27919,2_00_0
27934,3_00_0
27945,3_a9_1
27951,6_00_0
27963,6_00_0
27978,3_00_0
27981,3_00_0
27990,1_00_0
27998,6_00_0
28002,2_00_0
28014,3_a9_1
28061,1_00_0
28078,3_00_0
28080,6_00_0
28091,6_00_0
28120,1_00_0
28123,3_b6_1
28140,6_00_0
28169,3_00_0
28182,5_a7_2
28183,1_00_0
28184,3_00_0
28185,4_00_0
28228,4_00_0
28232,3_a9_2
28237,1_00_0
28240,6_00_0
28257,4_00_0
28264,4_00_0
28269,1_00_0
28275,1_00_0
28292,6_00_0
28295,5_b6_1
28304,3_b7_1
28322,3_00_0
28326,4_00_0
28330,4_00_0
28331,4_00_0
28332,3_00_0
28340,4_00_0
28368,1_00_0
28375,1_00_0
28381,1_00_0
28390,3_b3_1
28393,5_00_0
28435,6_00_0
28437,5_a7_2
28447,3_00_0
28454,5_b6_1
28480,6_00_0
28484,1_00_0
28489,4_00_0
28506,1_00_0
28519,1_00_0
28520,3_a9_2
28525,3_00_0
28545,3_00_0
28549,1_00_0
28557,1_00_0
28558,6_a11_2
28561,3_a9_2
28567,3_00_0
28569,3_00_0
28576,3_00_0
28583,1_00_0
28612,1_00_0
28629,5_b6_1
28634,6_00_0
28640,1_00_0
28649,5_a7_2
28674,1_00_0
28678,3_00_0
28690,4_00_0
28699,6_a11_1
28718,6_00_0
28735,6_00_0
28740,2_00_0
28745,3_00_0
28748,4_00_0
28775,3_b3_1
28780,4_00_0
28784,5_b7_1
28794,4_00_0
28801,6_00_0
28829,4_00_0
28846,6_00_0
28905,4_00_0
28909,2_a5_2
28921,2_a5_2
28968,6_a12_2
28981,3_00_0
28995,1_00_0
29006,5_00_0
29009,6_00_0
29013,3_00_0
29026,4_00_0
29040,4_00_0
29043,5_b6_1
29058,4_00_0
29071,5_b7_1
29077,5_b8_1
29100,6_00_0
29114,6_00_0
29116,3_00_0
29119,4_00_0
29120,4_00_0
29130,3_00_0
29155,5_b8_1
29188,4_00_0
29201,3_a9_2
29218,6_00_0
29223,6_00_0
29253,3_00_0
29282,2_a5_2
29311,5_b6_1
29334,5_b7_1
29347,5_b7_1
29368,5_b6_1
29369,3_00_0
29395,6_00_0
29407,1_00_0
29438,4_00_0
29450,2_a5_2
29454,2_a5_2
29461,5_b7_1
29463,3_00_0
29480,2_00_0
29513,6_00_0
29528,5_b7_1
29531,3_00_0
29539,3_00_0
29540,3_00_0
29561,4_00_0
29563,5_b6_1
29567,3_b7_1
29577,2_00_0
29580,3_a9_1
29594,1_00_0
29598,1_00_0
29618,3_b3_1
29638,3_00_0
29639,3_00_0
29648,3_b6_1
29656,1_00_0
29667,3_b3_1
29684,3_00_0
29687,3_00_0
29693,1_00_0
29695,1_00_0
29696,2_a5_2
29721,5_00_0
29722,5_b8_1
29727,4_00_0
29734,5_b6_1
29760,3_00_0
29762,5_b7_1
29767,5_b8_1
29788,3_00_0
29809,5_b8_1
29837,3_00_0
29851,4_00_0
29854,3_a9_2
29862,6_00_0
29886,3_b6_1
29888,3_b6_1
29893,1_00_0
29899,1_00_0
29904,3_00_0
29906,6_00_0
29909,6_00_0
29910,3_b7_1
29915,3_00_0
29927,3_00_0
29939,4_00_0
29941,4_00_0
29942,3_b6_1
29943,3_a9_1
29945,3_b6_1
29954,6_00_0
29956,6_00_0
29960,6_00_0
29965,1_00_0
29969,2_00_0
29971,5_b8_1
29989,6_00_0
29995,4_00_0
30005,6_a12_1
30013,5_b7_1
30027,4_00_0
30028,6_00_0
30035,3_a9_2
30040,3_00_0
30042,3_00_0
30047,1_00_0
30051,6_00_0
30064,4_00_0
30071,6_00_0
30075,6_00_0
30099,1_00_0
30152,6_00_0
30153,1_00_0
30174,3_00_0
30211,5_b8_1
30228,2_00_0
30231,5_b8_1
30236,3_b7_1
30242,4_00_0
30247,2_a5_2
30252,3_00_0
30255,5_a7_2
30283,2_00_0
30303,3_a9_1
30306,4_00_0
30310,3_00_0
30315,3_00_0
30336,3_00_0
30342,1_00_0
30368,6_00_0
30369,5_a7_2
30373,1_00_0
30404,6_b4_1
30422,4_00_0
30429,3_00_0
30447,1_00_0
30448,6_00_0
30456,2_a5_2
30464,3_b6_1
30468,2_a5_2
30472,4_00_0
30473,5_b8_1
30478,1_00_0
30484,4_00_0
30485,3_00_0
30510,6_00_0
30512,4_00_0
30536,3_b6_1
30544,2_a5_2
30546,3_00_0
30557,3_00_0
30568,6_00_0
30569,5_a7_2
30587,3_b8_1
30609,6_00_0
30610,5_00_0
30631,3_b7_1
30642,3_b6_1
30646,1_00_0
30653,3_b7_1
30685,5_00_0
30696,3_b7_1
30698,1_00_0
30711,1_00_0
30731,3_b8_1
30732,1_00_0
30737,3_00_0
30739,3_00_0
30751,4_00_0
30760,6_00_0
30767,6_00_0
30784,3_a9_2
30794,4_00_0
30798,4_00_0
30829,5_b8_1
30844,6_00_0
30849,3_b7_1
30867,6_00_0
30875,1_00_0
30879,6_00_0
30889,6_b4_3
30903,3_b7_1
30922,1_00_0
30931,5_b8_1
30945,1_00_0
30947,6_00_0
30948,4_00_0
30964,6_00_0
30975,3_00_0
30981,5_b8_1
30992,3_b7_1
31001,1_00_0
31027,1_00_0
31063,3_a9_1
31069,1_00_0
31072,1_00_0
31093,6_00_0
31101,3_00_0
31103,6_00_0
31111,3_00_0
31130,3_b8_1
31138,1_00_0
31143,6_a12_2
31148,6_00_0
31150,3_00_0
31161,3_a9_2
31167,5_b7_1
31172,3_00_0
31196,3_00_0
31205,5_a7_2
31206,6_00_0
31216,6_00_0
31233,5_b8_1
31243,1_00_0
31251,3_b7_1
31261,2_a5_2
31263,1_00_0
31264,3_b6_1
31283,3_00_0
31314,3_b6_1
31320,4_00_0
31321,3_00_0
31322,3_b3_1
31327,1_00_0
31334,1_00_0
31335,4_00_0
31349,6_00_0
31368,5_a7_2
31388,4_00_0
31395,3_00_0
31438,6_00_0
31442,3_b8_1
31444,1_00_0
31460,1_00_0
31467,3_a9_1
31473,3_00_0
31478,3_b3_1
31492,4_00_0
31500,1_00_0
31502,6_00_0
31511,3_b3_1
31514,3_b7_1
31551,6_00_0
31553,3_00_0
31579,6_a11_1
31581,3_00_0
31589,3_a9_1
31595,6_00_0
31597,4_00_0
31610,3_b7_1
31611,5_a7_2
31613,4_00_0
31628,6_00_0
31644,5_00_0
31647,3_00_0
31663,1_00_0
31679,6_00_0
31680,6_b4_1
31685,3_00_0
31690,6_a11_1
31691,6_b5_1
31708,5_b6_1
31713,3_00_0
31723,3_00_0
31731,3_00_0
31744,4_00_0
31754,3_b8_1
31756,1_00_0
31760,5_00_0
31769,2_00_0
31782,3_b7_1
31785,3_a9_1
31787,5_b8_1
31812,2_a5_2
31837,3_b3_1
31847,2_00_0
31849,3_a9_1
31867,1_00_0
31873,3_b3_1
31886,1_00_0
31902,1_00_0
31911,3_b3_1
31913,3_b3_1
31914,2_a5_2
31932,4_00_0
31951,3_00_0
31953,3_a9_1
31955,2_00_0
31962,3_b8_1
31976,1_00_0
31980,6_00_0
31982,3_00_0
31993,6_00_0
31998,2_a5_2
32003,1_00_0
32012,1_00_0
32018,5_b8_1
32022,3_00_0
32027,3_00_0
32032,2_00_0
32035,6_00_0
32044,3_00_0
32084,4_00_0
32089,5_b6_1
32112,3_00_0
32138,3_00_0
32139,4_00_0
32141,3_00_0
32147,1_00_0
32161,5_a7_2
32165,4_00_0
32166,3_a9_2
32173,3_00_0
32180,3_b8_1
32181,6_b5_1
32186,6_00_0
32187,3_00_0
32206,4_00_0
32213,3_00_0
32220,3_b6_1
32233,2_a5_2
32239,3_b6_1
32241,3_00_0
32249,6_00_0
32255,4_00_0
32280,2_a5_2
32281,4_00_0
32291,3_00_0
32295,3_b6_1
32298,6_00_0
32302,1_00_0
32307,3_00_0
32313,1_00_0
32336,4_00_0
32346,2_a5_2
32349,3_00_0
32363,3_00_0
32377,3_a9_1
32391,3_00_0
32394,4_00_0
32401,2_00_0
32432,5_b6_1
32448,1_00_0
32459,3_00_0
32460,6_00_0
32463,1_00_0
32465,3_00_0
32466,5_b7_1
32469,1_00_0
32476,6_a11_1
32498,4_00_0
32499,2_a5_2
32502,4_00_0
32508,3_b8_1
32522,3_a9_1
32527,3_00_0
32542,4_00_0
32549,6_00_0
32607,6_00_0
32624,5_b8_1
32629,3_b3_1
32639,3_00_0
32640,3_00_0
32653,4_00_0
32672,3_00_0
32706,1_00_0
32710,3_a9_2
32712,3_b7_1
32716,4_00_0
32727,3_b7_1
32734,5_b6_1
32737,3_00_0
32745,3_00_0
32759,4_00_0
32771,3_b8_1
32785,5_00_0
32791,1_00_0
32811,3_00_0
32812,4_00_0
32827,4_00_0
32830,3_00_0
32834,3_00_0
32839,1_00_0
32843,6_00_0
32846,4_00_0
32847,4_00_0
32849,3_00_0
32860,3_b8_1
32879,3_a9_1
32893,3_b7_1
32895,3_00_0
32897,2_00_0
32902,3_00_0
32906,4_00_0
32917,3_b8_1
32926,3_b3_1
32935,4_00_0
32937,6_00_0
32947,5_b8_1
32951,6_a12_1
32957,5_b6_1
32998,4_00_0
33039,4_00_0
33040,2_a5_2
33043,3_b8_1
33049,3_00_0
33055,1_00_0
33068,5_a7_2
33076,5_b8_1
33082,5_b7_1
33103,3_00_0
33109,2_a5_2
33117,4_00_0
33142,3_a9_2
33150,2_00_0
33179,4_00_0
33188,3_a9_1
33190,1_00_0
33205,3_00_0
33218,5_b7_1
33223,1_00_0
33234,4_00_0
33262,3_b3_1
33266,3_00_0
33272,5_a7_2
33283,1_00_0
33314,6_00_0
33320,5_b7_1
33322,3_00_0
33328,5_b6_1
33343,6_00_0
33355,3_00_0
33366,1_00_0
33369,2_a5_2
33371,3_00_0
33378,3_b7_1
33396,3_b3_1
33412,1_00_0
33416,1_00_0
33426,6_00_0
33433,5_a7_2
33441,4_00_0
33445,1_00_0
33451,3_00_0
33464,4_00_0
33478,3_a9_3
33502,6_00_0
33506,4_00_0
33518,1_00_0
33537,6_00_0
33558,4_00_0
33590,2_00_0
33595,3_00_0
33608,3_a9_2
33617,6_00_0
33637,3_00_0
33640,2_00_0
33662,2_a5_2
33666,3_b7_1
33667,3_b6_1
33677,5_b7_1
33680,3_00_0
33689,6_00_0
33696,1_00_0
33705,2_a5_2
33707,3_b6_1
33731,4_00_0
33733,6_00_0
33765,5_a7_2
33774,3_00_0
33794,3_b7_1
33799,1_00_0
33807,5_b8_1
33809,6_00_0
33827,4_00_0
33828,3_00_0
33841,3_00_0
33846,4_00_0
33859,3_00_0
33871,1_00_0
33873,6_00_0
33886,5_00_0
33898,4_00_0
33901,4_00_0
33928,1_00_0
33930,2_a5_2
33969,5_b6_1
33970,6_00_0
33974,6_00_0
33978,3_b6_1
33983,3_b6_1
33987,5_00_0
33999,4_00_0
34003,3_00_0
34005,5_a7_2
34011,1_00_0
34013,5_b8_1
34025,6_00_0
34031,3_b6_1
34032,6_00_0
34045,4_00_0
34047,3_b6_1
34056,3_00_0
34064,3_00_0
34068,3_00_0
34075,4_00_0
34088,4_00_0
34115,3_00_0
34117,4_00_0
34122,6_00_0
34125,6_00_0
34128,3_00_0
34129,4_00_0
34133,3_a9_3
34147,3_00_0
34148,4_00_0
34155,1_00_0
34168,6_00_0
34178,3_b8_1
34184,5_a7_2
34186,3_b8_1
34188,3_b7_1
34199,6_00_0
34214,2_a5_2
34227,6_00_0
34260,4_00_0
34265,6_00_0
34272,1_00_0
34283,3_00_0
34284,4_00_0
34289,3_a9_1
34293,3_00_0
34294,3_00_0
34341,4_00_0
34392,3_b7_1
34417,4_00_0
34425,1_00_0
34432,6_00_0
34436,4_00_0
34450,4_00_0
34465,5_a7_2
34480,3_00_0
34491,6_a12_2
34504,6_00_0
34508,3_00_0
34515,3_00_0
34549,3_00_0
34550,2_00_0
34563,4_00_0
34569,4_00_0
34579,3_00_0
34600,3_00_0
34617,3_b8_1
34618,3_00_0
34626,4_00_0
34636,3_a9_3
34653,3_a9_1
34667,4_00_0
34672,3_b8_1
34674,2_a5_2
34682,3_00_0
34684,5_b8_1
34699,3_b3_1
34714,3_00_0
34737,4_00_0
34763,3_00_0
34775,3_a9_2
34780,6_a12_2
34787,3_00_0
34807,1_00_0
34809,4_00_0
34817,5_b6_1
34838,3_00_0
34844,6_00_0
34849,6_00_0
34852,5_b6_1
34862,3_b8_1
34866,5_b7_1
34872,5_b8_1
34878,3_00_0
34889,3_00_0
34890,3_b3_1
34898,3_00_0
34927,1_00_0
34942,3_00_0
34966,4_00_0
34967,2_a5_2
34972,6_a11_1
34978,1_00_0
34995,1_00_0
35008,5_b6_1
35019,3_b6_1
35020,4_00_0
35043,6_00_0
35051,6_00_0
35067,4_00_0
35080,2_a5_2
35089,6_00_0
35094,6_00_0
35111,3_b6_1
35118,6_00_0
35119,6_00_0
35133,3_00_0
35134,6_00_0
35150,4_00_0
35173,6_b5_1
35174,3_b6_1
35175,3_00_0
35179,1_00_0
35195,3_00_0
35220,1_00_0
35230,6_a11_1
35250,6_00_0
35267,2_a5_2
35269,1_00_0
35289,3_b6_1
35290,1_00_0
35326,3_b8_1
35330,4_00_0
35345,5_b6_1
35359,3_b8_1
35367,1_00_0
35368,3_00_0
35379,3_00_0
35382,6_00_0
35385,3_00_0
35386,2_00_0
35395,3_a9_1
35402,3_b8_1
35425,1_00_0
35443,5_b7_1
35447,4_00_0
35464,3_00_0
35475,6_00_0
35478,5_b6_1
35489,4_00_0
35493,2_00_0
35495,5_b8_1
35515,5_b8_1
35516,6_b5_1
35517,3_b3_1
35531,1_00_0
35546,5_b8_1
35555,6_00_0
35559,3_b7_1
35568,6_00_0
35579,4_00_0
35587,6_00_0
35601,3_00_0
35612,3_b6_1
35630,1_00_0
35644,6_00_0
35663,4_00_0
35695,3_b7_1
35702,6_00_0
35722,6_00_0
35771,3_00_0
35772,1_00_0
35773,3_a9_1
35778,4_00_0
35790,3_a9_2
35791,6_00_0
35808,3_b6_1
35809,5_b7_1
35816,5_b8_1
35831,1_00_0
35833,3_a9_3
35838,2_00_0
35853,3_00_0
35855,1_00_0
35859,5_a7_2
35880,6_00_0
35898,4_00_0
35903,3_00_0
35906,3_00_0
35914,5_b6_1
35916,5_b8_1
35932,1_00_0
35940,3_00_0
35972,4_00_0
35982,4_00_0
35995,3_b3_1
36015,6_00_0
36016,4_00_0
36019,2_a5_2
36025,2_a5_2
36034,4_00_0
36049,6_00_0
36057,3_00_0
36060,1_00_0
36088,4_00_0
36092,4_00_0
36093,6_a11_1
36097,4_00_0
36105,4_00_0
36131,1_00_0
36141,2_a5_2
36143,5_b8_1
36145,5_a7_2
36154,5_b6_1
36160,5_b7_1
36167,5_00_0
36178,1_00_0
36201,6_00_0
36208,3_a9_1
36219,3_b8_1
36224,3_b8_1
36240,5_b6_1
36251,4_00_0
36262,3_b7_1
36278,1_00_0
36294,3_a9_1
36321,2_00_0
36326,3_00_0
36341,2_a5_2
36350,2_a5_2
36357,5_b7_1
36387,3_a9_1
36391,5_a7_2
36398,1_00_0
36416,3_b7_1
36417,3_00_0
36434,6_00_0
36448,3_b3_1
36449,5_a7_2
36456,3_00_0
36465,4_00_0
36466,2_a5_2
36473,6_00_0
36474,6_00_0
36480,3_00_0
36504,3_00_0
36522,3_a9_2
36524,5_b8_1
36525,3_b7_1
36541,4_00_0
36545,6_00_0
36579,4_00_0
36605,1_00_0
36616,4_00_0
36639,3_00_0
36649,2_a5_2
36659,2_00_0
36675,4_00_0
36679,6_00_0
36681,3_b3_1
36700,1_00_0
36713,4_00_0
36732,6_00_0
36751,1_00_0
36767,5_b7_1
36777,1_00_0
36780,3_b8_1
36788,3_b3_1
36792,3_b3_1
36816,3_b6_1
36818,5_b6_1
36819,6_00_0
36837,1_00_0
36847,3_00_0
36849,3_b7_1
36876,6_00_0
36883,1_00_0
36909,1_00_0
36920,3_b8_1
36931,3_b8_1
36936,4_00_0
36951,6_a12_1
36959,5_b7_1
36970,1_00_0
36975,5_b7_1
36978,4_00_0
36981,3_00_0
36990,5_b8_1
37004,4_00_0
37009,4_00_0
37018,1_00_0
37029,3_b7_1
37033,4_00_0
37037,6_00_0
37058,6_00_0
37068,3_00_0
37093,4_00_0
37149,6_00_0
37159,2_a5_2
37169,1_00_0
37177,4_00_0
37178,3_a9_2
37187,4_00_0
37192,3_a9_1
37216,3_a9_2
37220,6_00_0
37236,6_00_0
37242,6_00_0
37246,2_00_0
37257,3_a9_1
37282,4_00_0
37342,3_00_0
37377,3_00_0
37378,1_00_0
37381,3_b6_1
37394,1_00_0
37410,3_b7_1
37413,3_00_0
37415,3_b8_1
37424,1_00_0
37443,5_b7_1
37467,3_00_0
37473,2_00_0
37481,1_00_0
37501,4_00_0
37503,3_00_0
37506,3_a9_2
37508,2_00_0
37511,1_00_0
37516,4_00_0
37530,3_00_0
37536,3_00_0
37541,4_00_0
37543,4_00_0
37566,4_00_0
37575,6_a11_2
37577,3_00_0
37585,1_00_0
37614,4_00_0
37619,6_00_0
37627,3_00_0
37631,6_a12_2
37636,3_00_0
37655,3_00_0
37658,1_00_0
37680,5_b8_1
37684,3_a9_2
37691,3_a9_3
37704,5_b6_1
37727,6_00_0
37731,6_00_0
37735,5_a7_2
37745,3_b8_1
37760,5_00_0
37761,1_00_0
37762,1_00_0
37765,6_00_0
37784,6_00_0
37786,6_00_0
37789,3_00_0
37806,3_00_0
37812,3_00_0
37817,4_00_0
37820,1_00_0
37821,6_00_0
37822,6_00_0
37880,2_00_0
37887,3_00_0
37893,4_00_0
37897,3_00_0
37905,5_b7_1
37920,1_00_0
37923,4_00_0
37937,3_00_0
37941,3_b3_1
37944,3_00_0
37953,4_00_0
37965,6_00_0
37971,5_b8_1
37985,6_a12_2
37986,3_b7_1
37991,3_00_0
38000,3_00_0
38015,6_00_0
38019,4_00_0
38021,4_00_0
38044,5_a7_2
38058,5_b7_1
38066,3_00_0
38074,5_b8_1
38083,3_00_0
38088,3_00_0
38129,3_00_0
38146,6_00_0
38148,4_00_0
38155,3_00_0
38162,3_00_0
38171,3_00_0
38174,6_00_0
38181,3_a9_1
38183,3_b3_1
38199,6_00_0
38204,6_00_0
38215,3_b6_1
38235,3_00_0
38239,5_a7_2
38248,4_00_0
38249,3_00_0
38254,2_00_0
38261,3_00_0
38267,4_00_0
38269,3_00_0
38281,6_00_0
38284,5_a7_2
38287,5_a7_2
38292,6_00_0
38301,6_00_0
38304,4_00_0
38305,4_00_0
38306,3_a9_2
38323,3_00_0
38335,4_00_0
38344,1_00_0
38360,4_00_0
38412,3_b8_1
38423,3_b7_1
38456,3_00_0
38461,3_00_0
38466,1_00_0
38468,3_b3_1
38469,4_00_0
38470,6_00_0
38497,4_00_0
38501,4_00_0
38524,6_b5_1
38535,6_00_0
38547,6_00_0
38560,3_a9_1
38565,3_00_0
38574,3_00_0
38616,6_a12_2
38618,3_b6_1
38623,3_00_0
38625,3_a9_1
38637,3_00_0
38652,5_b8_1
38665,3_00_0
38669,4_00_0
38671,6_00_0
38677,6_00_0
38723,1_00_0
38741,3_a9_1
38744,3_00_0
38757,1_00_0
38781,3_00_0
38801,2_00_0
38820,3_a9_1
38825,1_00_0
38844,3_b3_1
38854,3_00_0
38872,6_00_0
38879,3_00_0
38882,3_b6_1
38887,4_00_0
38893,2_a5_2
38904,3_00_0
38906,3_00_0
38917,5_a7_2
38920,1_00_0
38925,3_00_0
38935,5_b6_1
38938,6_00_0
38939,3_00_0
38941,3_b3_1
38943,3_a9_2
38974,4_00_0
38977,6_00_0
39008,2_a5_2
39026,4_00_0
39032,4_00_0
39044,4_00_0
39045,6_00_0
39050,4_00_0
39066,2_a5_2
39069,3_00_0
39071,4_00_0
39085,6_00_0
39110,1_00_0
39145,3_00_0
39171,6_a11_1
39172,3_00_0
39183,3_00_0
39194,3_a9_1
39195,3_b3_1
39208,3_b6_1
39224,2_00_0
39251,5_b6_1
39257,3_a9_1
39270,1_00_0
39275,3_00_0
39299,1_00_0
39304,2_00_0
39305,4_00_0
39317,3_b8_1
39318,3_00_0
39321,3_00_0
39333,6_00_0
39355,3_a9_2
39366,6_b4_1
39392,3_00_0
39396,3_00_0
39400,4_00_0
39401,6_00_0
39405,1_00_0
39407,3_a9_2
39412,4_00_0
39422,3_00_0
39438,1_00_0
39439,1_00_0
39445,3_00_0
39467,3_a9_3
39475,6_00_0
39497,6_00_0
39504,1_00_0
39506,6_b5_1
39525,4_00_0
39532,3_00_0
39536,4_00_0
39545,6_b4_3
39559,1_00_0
39571,3_00_0
39572,3_b3_1
39580,5_b6_1
39588,3_00_0
39597,3_b7_1
39600,1_00_0
39628,6_00_0
39643,3_b8_1
39648,3_00_0
39656,3_a9_1
39671,1_00_0
39676,3_00_0
39686,2_00_0
39691,3_b6_1
39697,4_00_0
39703,1_00_0
39704,6_00_0
39713,4_00_0
39738,3_00_0
39750,6_00_0
39764,6_00_0
39765,3_00_0
39767,6_00_0
39770,2_a5_2
39774,3_00_0
39815,5_b7_1
39818,3_00_0
39839,2_00_0
39840,3_b7_1
39852,3_00_0
39855,4_00_0
39858,3_00_0
39864,2_00_0
39869,3_b8_1
39870,3_b3_1
39886,5_b6_1
39893,5_b8_1
39897,2_a5_2
39904,5_b7_1
39925,5_b6_1
39938,1_00_0
39947,3_00_0
39966,3_b7_1
39975,4_00_0
39977,1_00_0
39986,3_00_0
39988,6_00_0
40019,3_b3_1
40045,3_b7_1
40049,6_00_0
40051,6_00_0
40053,1_00_0
40069,4_00_0
40072,4_00_0
40076,3_00_0
40097,5_b7_1
40104,2_00_0
40112,4_00_0
40131,1_00_0
40139,3_00_0
40171,3_00_0
40176,6_00_0
40179,1_00_0
40184,3_b6_1
40205,5_00_0
40223,6_00_0
40241,4_00_0
40278,1_00_0
40281,3_b8_1
40311,3_00_0
40314,3_00_0
40339,1_00_0
40350,6_00_0
40355,6_b4_1
40358,6_00_0
40359,3_00_0
40365,3_00_0
40372,1_00_0
40381,3_b7_1
40384,1_00_0
40387,1_00_0
40404,5_b8_1
40411,6_00_0
40422,1_00_0
40471,3_b7_1
40485,4_00_0
40486,1_00_0
40490,6_00_0
40505,6_00_0
40518,6_00_0
40521,3_00_0
40574,6_00_0
40582,5_b7_1
40584,4_00_0
40594,3_a9_2
40596,2_a5_2
40597,3_00_0
40603,4_00_0
40604,2_00_0
40624,4_00_0
40635,5_a7_2
40640,5_b6_1
40650,4_00_0
40700,5_b8_1
40706,3_00_0
40708,2_00_0
40717,3_b3_1
40718,3_a9_2
40720,3_00_0
40742,3_00_0
40752,4_00_0
40756,3_00_0
40765,1_00_0
40768,3_b6_1
40771,5_a7_2
40787,3_00_0
40804,6_00_0
40807,1_00_0
40816,3_00_0
40821,6_00_0
40828,4_00_0
40829,3_00_0
40851,4_00_0
40865,3_00_0
40869,3_b7_1
40904,6_00_0
40945,3_b6_1
40947,4_00_0
40958,6_00_0
40967,1_00_0
40971,1_00_0
40983,6_00_0
40986,5_00_0
40993,3_b7_1
41011,2_a5_2
41014,1_00_0
41031,6_a12_2
41037,1_00_0
41041,1_00_0
41078,6_00_0
41088,5_00_0
41089,6_00_0
41092,3_a9_1
41093,1_00_0
41116,3_a9_3
41123,4_00_0
41127,1_00_0
41129,1_00_0
41130,6_00_0
41145,5_b8_1
41168,3_00_0
41204,5_b6_1
41207,4_00_0
41209,2_00_0
41217,1_00_0
41237,3_00_0
41249,1_00_0
41276,1_00_0
41278,1_00_0
41290,6_00_0
41293,3_00_0
41302,2_00_0
41304,3_b3_1
41305,4_00_0
41310,3_00_0
41312,3_b6_1
41344,5_b6_1
41350,3_00_0
41351,3_00_0
41354,4_00_0
41365,6_b5_1
41367,6_00_0
41370,5_a7_2
41389,3_00_0
41394,3_a9_1
41398,5_b7_1
41410,3_a9_1
41423,3_b3_1
41439,2_00_0
41440,6_00_0
41443,3_00_0
41445,3_00_0
41452,3_00_0
41456,1_00_0
41458,1_00_0
41471,1_00_0
41502,4_00_0
41510,3_00_0
41518,4_00_0
41519,3_00_0
41531,6_00_0
41534,4_00_0
41539,5_b7_1
41547,6_00_0
41553,3_00_0
41556,4_00_0
41557,3_00_0
41568,3_b8_1
41575,3_a9_1
41579,1_00_0
41596,4_00_0
41617,4_00_0
41618,2_a5_2
41623,6_00_0
41625,2_00_0
41626,3_a9_1
41639,1_00_0
41652,5_00_0
41658,1_00_0
41680,4_00_0
41682,3_00_0
41686,4_00_0
41688,3_b7_1
41695,5_b7_1
41704,4_00_0
41705,1_00_0
41733,6_00_0
41764,3_b8_1
41778,3_b3_1
41786,4_00_0
41795,4_00_0
41797,2_a5_2
41807,5_a7_2
41809,1_00_0
41814,1_00_0
41821,3_b6_1
41832,2_a5_2
41843,4_00_0
41846,5_b6_1
41857,4_00_0
41860,1_00_0
41867,1_00_0
41881,4_00_0
41882,6_00_0
41883,3_00_0
41893,4_00_0
41898,1_00_0
41903,3_b3_1
41923,4_00_0
41963,5_b8_1
41968,3_00_0
41972,6_00_0
41987,4_00_0
41994,3_00_0
42003,5_b7_1
42013,5_b8_1
42026,3_b8_1
42060,6_a12_1
42061,4_00_0
42066,6_00_0
42075,3_00_0
42107,3_b3_1
42119,6_a11_1
42120,2_00_0
42124,5_a7_2
42134,3_00_0
42142,3_b6_1
42143,3_00_0
42151,3_00_0
42159,3_b3_1
42164,3_00_0
42213,2_00_0
42217,5_b7_1
42227,3_b7_1
42237,3_00_0
42245,6_00_0
42250,4_00_0
42261,3_00_0
42274,5_00_0
42287,3_00_0
42330,6_00_0
42333,3_00_0
42345,4_00_0
42356,6_00_0
42360,4_00_0
42368,3_a9_1
42371,6_00_0
42376,2_a5_2
42382,3_00_0
42389,3_00_0
42401,5_b8_1
42409,3_00_0
42423,5_b6_1
42433,3_a9_2
42443,1_00_0
42494,1_00_0
42516,3_00_0
42528,2_a5_2
42531,3_b3_1
42534,5_00_0
42542,3_00_0
42549,1_00_0
42560,6_00_0
42580,6_b5_1
42595,2_00_0
42599,3_b3_1
42606,3_00_0
42611,3_a9_1
42619,5_b6_1
42620,6_00_0
42627,3_00_0
42637,2_00_0
42647,6_00_0
42651,1_00_0
42652,3_00_0
42656,3_00_0
42672,6_00_0
42675,1_00_0
42711,3_00_0
42718,4_00_0
42725,2_00_0
42729,3_00_0
42747,2_00_0
42748,4_00_0
42755,3_00_0
42761,3_00_0
42774,6_00_0
42775,4_00_0
42779,3_a9_2
42782,4_00_0
42787,1_00_0
42788,3_a9_3
42791,3_a9_1
42795,3_00_0
42797,5_b7_1
42818,4_00_0
42822,1_00_0
42871,6_00_0
42881,1_00_0
42914,6_00_0
42916,3_b6_1
42926,2_00_0
42944,3_00_0
42947,3_00_0
42967,3_00_0
42974,2_00_0
42982,3_b8_1
42985,3_00_0
42989,6_a11_1
43020,4_00_0
43025,1_00_0
43028,3_00_0
43044,1_00_0
43045,3_00_0
43050,3_00_0
43076,4_00_0
43077,4_00_0
43078,5_b6_1
43081,3_b3_1
43085,1_00_0
43086,1_00_0
43088,3_00_0
43089,3_00_0
43108,6_00_0
43113,1_00_0
43126,3_b6_1
43133,3_00_0
43157,3_a9_1
43168,1_00_0
43169,6_00_0
43173,3_00_0
43199,2_00_0
43202,3_b3_1
43214,3_00_0
43223,1_00_0
43224,3_b6_1
43229,1_00_0
43230,3_a9_1
43231,4_00_0
43251,3_00_0
43252,6_b4_3
43295,5_00_0
43331,1_00_0
43348,3_b6_1
43363,3_b3_1
43365,4_00_0
43412,3_b3_1
43418,6_a11_1
43423,3_00_0
43424,4_00_0
43440,2_a5_2
43452,3_b6_1
43454,4_00_0
43460,5_b6_1
43465,3_b3_1
43470,3_00_0
43493,2_a5_2
43497,2_a5_2
43498,3_a9_1
43504,3_00_0
43525,3_00_0
43527,4_00_0
43528,4_00_0
43529,3_00_0
43536,1_00_0
43538,3_00_0
43549,1_00_0
43551,5_b6_1
43567,1_00_0
43574,3_00_0
43583,6_00_0
43587,3_00_0
43605,4_00_0
43606,6_00_0
43610,3_b8_1
43620,3_00_0
43625,4_00_0
43639,3_00_0
43665,4_00_0
43684,3_00_0
43712,3_b8_1
43713,3_00_0
43723,6_00_0
43726,3_b7_1
43734,3_00_0
43745,6_00_0
43747,6_00_0
43755,6_00_0
43761,6_00_0
43765,6_00_0
43767,5_b8_1
43778,4_00_0
43779,1_00_0
43783,1_00_0
43786,6_00_0
43801,3_b8_1
43813,6_00_0
43816,3_b6_1
43819,5_b6_1
43822,6_a11_2
43823,5_b8_1
43832,4_00_0
43848,3_a9_2
43860,4_00_0
43876,5_a7_2
43901,6_00_0
43914,5_b6_1
43917,6_00_0
43925,5_b7_1
43929,6_a12_2
43937,5_b7_1
43943,3_00_0
43987,1_00_0
43993,5_a7_2
44001,6_00_0
44009,1_00_0
44019,4_00_0
44021,1_00_0
44035,5_00_0
44059,6_00_0
44061,3_a9_1
44091,4_00_0
44098,3_b8_1
44118,2_a5_2
44129,1_00_0
44135,6_00_0
44174,4_00_0
44181,6_00_0
44183,1_00_0
44185,3_a9_1
44186,6_00_0
44188,6_00_0
44200,3_00_0
44206,3_b6_1
44221,3_b6_1
44233,4_00_0
44236,3_00_0
44253,3_00_0
44256,4_00_0
44260,3_00_0
44276,3_b3_1
44293,1_00_0
44304,4_00_0
44305,5_b8_1
44320,6_00_0
44338,1_00_0
44353,1_00_0
44354,2_a5_2
44356,3_b7_1
44375,3_00_0
44385,4_00_0
44416,3_00_0
44424,2_a5_2
44425,6_b4_3
44442,6_00_0
44443,1_00_0
44448,5_b7_1
44455,3_00_0
44463,6_00_0
44479,4_00_0
44484,1_00_0
44490,4_00_0
44503,4_00_0
44522,6_00_0
44525,3_00_0
44526,3_a9_2
44528,5_b7_1
44531,3_b3_1
44539,3_00_0
44541,4_00_0
44542,4_00_0
44549,5_b6_1
44550,5_b8_1
44558,6_b4_3
44561,5_b8_1
44562,4_00_0
44565,6_00_0
44569,1_00_0
44592,6_b4_3
44600,5_b7_1
44624,4_00_0
44632,2_00_0
44639,3_00_0
44644,4_00_0
44658,3_a9_2
44672,3_00_0
44675,4_00_0
44685,1_00_0
44688,3_a9_3
44692,1_00_0
44693,5_a7_2
44713,1_00_0
44725,1_00_0
44733,5_a7_2
44738,3_00_0
44758,6_00_0
44760,5_b6_1
44764,1_00_0
44802,4_00_0
44828,3_b3_1
44832,6_00_0
44837,3_a9_2
44839,3_b8_1
44848,4_00_0
44874,4_00_0
44914,5_b7_1
44922,4_00_0
44944,3_a9_3
44954,3_00_0
44959,1_00_0
44960,1_00_0
44968,6_00_0
44969,3_b6_1
44970,3_00_0
44980,6_00_0
44993,1_00_0
45002,3_00_0
45011,6_00_0
45028,3_a9_2
45041,2_00_0
45046,3_b7_1
45052,3_00_0
45067,2_a5_2
45071,6_00_0
45079,4_00_0
45081,4_00_0
45090,5_b7_1
45094,3_00_0
45099,3_00_0
45103,1_00_0
45107,4_00_0
45119,3_a9_1
45120,6_00_0
45131,6_00_0
45141,5_b6_1
45146,3_a9_1
45157,6_00_0
45163,2_a5_2
45174,5_b7_1
45176,3_00_0
45180,4_00_0
45190,3_a9_2
45240,6_00_0
45259,6_00_0
45260,5_b8_1
45265,3_00_0
45268,3_b7_1
45275,3_00_0
45289,6_00_0
45310,1_00_0
45321,3_a9_1
45354,1_00_0
45375,3_b6_1
45415,1_00_0
45422,4_00_0
45435,4_00_0
45452,4_00_0
45457,3_b7_1
45475,3_00_0
45476,2_a5_2
45477,3_00_0
45496,3_00_0
45505,4_00_0
45510,5_00_0
45523,3_00_0
45567,1_00_0
45587,6_00_0
45590,2_a5_2
45597,4_00_0
45611,4_00_0
45623,3_00_0
45625,1_00_0
45653,3_b6_1
45656,2_a5_2
45689,3_a9_2
45712,5_b8_1
45719,3_b3_1
45728,4_00_0
45730,6_00_0
45753,4_00_0
45760,3_00_0
45767,3_b3_1
45781,3_00_0
45791,3_a9_3
45792,3_b6_1
45824,3_00_0
45837,4_00_0
45840,3_b6_1
45844,4_00_0
45855,3_a9_2
45857,5_b6_1
45887,5_b6_1
45893,4_00_0
45899,6_00_0
45928,4_00_0
45929,3_00_0
45938,3_a9_1
45951,6_00_0
45959,5_b8_1
45962,3_b8_1
45969,6_00_0
45980,5_a7_2
45992,4_00_0
46004,1_00_0
46019,6_00_0
46024,4_00_0
46043,3_00_0
46054,4_00_0
46056,1_00_0
46057,3_00_0
46063,3_00_0
46073,3_00_0
46077,3_b3_1
46111,5_a7_2
46113,1_00_0
46124,3_00_0
46127,3_00_0
46141,3_00_0
46142,6_00_0
46143,3_a9_1
46147,5_b8_1
46148,4_00_0
46155,3_b7_1
46163,4_00_0
46167,4_00_0
46170,4_00_0
46189,3_00_0
46204,3_00_0
46234,1_00_0
46235,3_a9_2
46243,6_00_0
46271,6_00_0
46303,4_00_0
46346,5_b6_1
46348,5_b8_1
46365,6_00_0
46368,6_00_0
46383,3_00_0
46386,4_00_0
46390,1_00_0
46397,3_b8_1
46435,4_00_0
46448,3_00_0
46449,2_00_0
46455,6_00_0
46458,3_00_0
46500,3_00_0
46501,6_00_0
46504,3_b7_1
46514,4_00_0
46556,6_00_0
46559,3_00_0
46562,3_b3_1
46567,1_00_0
46582,1_00_0
46604,1_00_0
46611,1_00_0
46613,6_a11_2
46615,5_b7_1
46627,3_a9_3
46637,6_00_0
46645,6_00_0
46663,4_00_0
46674,4_00_0
46681,4_00_0
46695,6_00_0
46696,6_00_0
46701,5_a7_2
46703,4_00_0
46723,1_00_0
46724,3_00_0
46729,1_00_0
46735,5_b6_1
46749,6_00_0
46756,5_a7_2
46769,1_00_0
46795,2_00_0
46802,1_00_0
46806,3_00_0
46819,3_00_0
46824,1_00_0
46832,3_00_0
46854,4_00_0
46855,3_b3_1
46859,3_a9_2
46864,3_00_0
46865,1_00_0
46873,6_a11_1
46876,4_00_0
46878,3_00_0
46883,3_00_0
46891,1_00_0
46914,5_b7_1
46925,6_00_0
46926,1_00_0
46931,6_00_0
46942,1_00_0
46961,2_a5_2
46968,6_a12_2
46978,3_b6_1
46985,4_00_0
47012,6_00_0
47013,3_00_0
47025,6_00_0
47026,4_00_0
47039,3_00_0
47057,5_a7_2
47061,3_00_0
47063,3_b6_1
47075,6_00_0
47090,3_00_0
47099,4_00_0
47111,1_00_0
47114,6_00_0
47116,4_00_0
47120,6_00_0
47138,3_00_0
47152,3_00_0
47153,1_00_0
47160,6_00_0
47162,5_b7_1
47175,3_00_0
47178,3_00_0
47179,4_00_0
47185,3_00_0
47192,6_00_0
47196,4_00_0
47215,6_00_0
47221,2_a5_2
47234,4_00_0
47255,4_00_0
47266,5_b8_1
47274,3_00_0
47278,3_00_0
47286,3_b3_1
47293,3_b3_1
47319,6_00_0
47327,4_00_0
47328,6_a12_1
47330,1_00_0
47332,5_b6_1
47339,1_00_0
47346,5_b7_1
47397,3_00_0
47405,4_00_0
47410,4_00_0
47422,3_b6_1
47451,1_00_0
47478,6_00_0
47526,3_00_0
47530,1_00_0
47535,1_00_0
47538,3_b8_1
47549,3_b8_1
47552,3_00_0
47560,1_00_0
47573,4_00_0
47581,6_00_0
47595,1_00_0
47596,3_00_0
47606,6_00_0
47619,4_00_0
47622,3_00_0
47624,1_00_0
47665,3_00_0
47671,5_b8_1
47676,3_00_0
47685,4_00_0
47696,3_a9_1
47698,5_b8_1
47717,5_b8_1
47731,3_b3_1
47741,1_00_0
47742,1_00_0
47745,4_00_0
47762,6_a12_2
47764,3_00_0
47768,4_00_0
47775,3_00_0
47784,3_00_0
47788,3_00_0
47808,4_00_0
47811,3_00_0
47820,4_00_0
47829,3_00_0
47860,3_00_0
47862,6_00_0
47882,5_00_0
47888,3_00_0
47894,4_00_0
47905,5_b7_1
47909,3_00_0
47916,3_00_0
47930,1_00_0
47933,6_00_0
47934,4_00_0
47947,4_00_0
47956,3_b6_1
47959,1_00_0
47973,2_00_0
47989,3_00_0
47995,5_b7_1
48014,2_a5_2
48018,5_b8_1
48037,6_00_0
48038,3_a9_1
48039,6_00_0
48052,1_00_0
48071,3_00_0
48081,2_a5_2
48085,6_b5_1
48089,3_b3_1
48095,3_00_0
48097,3_00_0
48119,3_00_0
48133,3_00_0
48151,1_00_0
48180,3_00_0
48187,4_00_0
48207,3_00_0
48208,4_00_0
48209,2_a5_2
48212,1_00_0
48214,3_00_0
48218,3_00_0
48248,5_b8_1
48252,1_00_0
48256,3_00_0
48266,1_00_0
48267,3_00_0
48285,3_00_0
48298,5_b8_1
48303,1_00_0
48328,4_00_0
48340,1_00_0
48349,3_00_0
48365,1_00_0
48378,2_a5_2
48392,5_b8_1
48400,5_b6_1
48437,5_b6_1
48443,2_a5_2
48452,5_b6_1
48457,6_00_0
48462,1_00_0
48465,3_00_0
48476,4_00_0
48485,6_00_0
48490,1_00_0
48501,6_00_0
48508,6_00_0
48516,4_00_0
48525,6_00_0
48527,3_00_0
48531,6_a12_2
48545,3_00_0
48556,3_b6_1
48560,3_a9_1
48581,3_00_0
48587,1_00_0
48595,2_00_0
48601,1_00_0
48604,1_00_0
48619,4_00_0
48620,2_a5_2
48623,2_a5_2
48627,1_00_0
48640,3_00_0
48654,6_00_0
48666,2_00_0
48669,3_00_0
48671,3_00_0
48672,6_00_0
48679,3_b7_1
48689,2_00_0
48700,4_00_0
48716,3_00_0
48725,1_00_0
48728,4_00_0
48733,3_00_0
48742,6_a12_1
48774,3_b6_1
48782,1_00_0
48784,3_00_0
48798,6_00_0
48801,3_00_0
48811,3_b3_1
48816,6_b5_1
48829,1_00_0
48840,3_00_0
48845,6_00_0
48858,4_00_0
48863,3_00_0
48871,3_00_0
48884,3_00_0
48887,3_00_0
48893,3_a9_1
48895,3_00_0
48899,3_00_0
48900,4_00_0
48943,3_00_0
48957,4_00_0
48971,3_00_0
48985,3_b7_1
48993,5_b8_1
48998,3_b3_1
49012,3_00_0
49018,3_00_0
49020,6_00_0
49032,3_00_0
49040,3_b8_1
49043,3_b8_1
49059,6_00_0
49069,6_00_0
49093,4_00_0
49109,3_b6_1
49111,3_00_0
49119,4_00_0
49146,3_a9_1
49162,2_00_0
49175,5_b8_1
49179,3_00_0
49180,3_00_0
49192,3_00_0
49195,5_b6_1
49205,1_00_0
49227,2_00_0
49235,6_00_0
49240,6_00_0
49245,5_00_0
49247,5_b7_1
49249,5_a7_2
49252,1_00_0
49268,3_b6_1
49270,3_00_0
49274,6_00_0
49277,6_00_0
49289,3_00_0
49290,3_a9_2
49309,3_00_0
49326,3_00_0
49339,3_00_0
49346,4_00_0
49359,6_00_0
49383,4_00_0
49388,1_00_0
49393,6_00_0
49412,2_00_0
49436,5_b6_1
49448,3_b6_1
49454,5_a7_2
49482,3_a9_1
49490,4_00_0
49494,4_00_0
49546,4_00_0
49549,1_00_0
49558,3_00_0
49563,1_00_0
49575,6_00_0
49577,1_00_0
49588,6_00_0
49589,6_00_0
49623,6_00_0
49632,3_00_0
49644,4_00_0
49655,1_00_0
49658,3_00_0
49659,3_b8_1
49666,3_a9_1
49667,3_b7_1
49685,5_b6_1
49705,3_b7_1
49729,3_00_0
49737,1_00_0
49745,1_00_0
49750,3_00_0
49764,1_00_0
49766,6_00_0
49770,4_00_0
49786,3_00_0
49799,4_00_0
49813,1_00_0
49845,3_b8_1
49884,2_00_0
49917,1_00_0
49922,6_00_0
49926,5_b6_1
49938,3_a9_2
49943,1_00_0
49946,3_00_0
49954,3_00_0
49962,3_00_0
49964,4_00_0
49969,3_00_0
49975,6_00_0
49981,2_00_0
49989,6_00_0
49994,4_00_0
49998,1_00_0
50003,3_00_0
50005,3_a9_2
50007,3_00_0
50056,3_00_0
50058,6_00_0
50067,5_a7_2
50072,3_00_0
50084,4_00_0
50101,4_00_0
50106,4_00_0
50134,3_00_0
50138,2_a5_2
50139,3_b6_1
50146,3_00_0
50147,3_00_0
50149,3_00_0
50151,4_00_0
50157,4_00_0
50164,3_b6_1
50187,5_a7_2
50194,5_b7_1
50207,5_b6_1
50210,3_00_0
50218,3_00_0
50221,3_00_0
50225,6_00_0
50229,1_00_0
50234,6_00_0
50252,6_00_0
50269,5_b7_1
50273,6_b4_1
50278,5_b7_1
50293,1_00_0
50302,4_00_0
50309,5_b7_1
50333,1_00_0
50365,1_00_0
50367,3_00_0
50376,4_00_0
50378,6_b4_3
50382,6_00_0
50388,4_00_0
50398,3_a9_2
50402,4_00_0
50446,5_b6_1
50456,1_00_0
50474,3_00_0
50476,3_00_0
50478,4_00_0
50479,4_00_0
50506,4_00_0
50510,6_00_0
50521,3_00_0
50531,4_00_0
50533,6_00_0
50536,5_b8_1
50537,3_00_0
50560,5_b8_1
50567,3_00_0
50570,3_b8_1
50572,2_a5_2
50574,3_00_0
50579,4_00_0
50580,6_a11_1
50595,1_00_0
50601,5_b6_1
50604,4_00_0
50608,2_00_0
50609,3_a9_1
50611,1_00_0
50615,5_b7_1
50622,1_00_0
50628,3_00_0
50641,1_00_0
50651,5_00_0
50660,4_00_0
50666,3_00_0
50695,4_00_0
50704,3_b8_1
50730,1_00_0
50735,1_00_0
50740,4_00_0
50741,3_00_0
50742,3_b6_1
50753,3_b3_1
50764,1_00_0
50785,5_b8_1
50788,6_a11_1
50798,5_b8_1
50804,3_00_0
50805,3_a9_3
50816,4_00_0
50828,6_00_0
50845,4_00_0
50846,4_00_0
50865,4_00_0
50874,3_00_0
50888,2_a5_2
50903,4_00_0
50907,4_00_0
50920,1_00_0
50937,3_00_0
50938,3_00_0
50940,3_b8_1
50945,3_00_0
50946,1_00_0
50952,3_b3_1
50957,1_00_0
50959,6_00_0
50969,4_00_0
50983,6_00_0
51013,3_a9_2
51020,1_00_0
51037,3_00_0
51040,3_00_0
51056,4_00_0
51062,3_00_0
51068,3_b8_1
51073,2_a5_2
51074,5_b7_1
51104,6_00_0
51124,4_00_0
51133,4_00_0
51146,6_b4_1
51152,6_00_0
51162,3_00_0
51184,6_b4_1
51223,4_00_0
51253,6_00_0
51255,3_00_0
51256,4_00_0
51281,3_b6_1
51291,3_00_0
51292,3_00_0
51298,5_b7_1
51299,3_a9_2
51306,3_00_0
51319,1_00_0
51332,6_00_0
51335,1_00_0
51347,6_00_0
51363,6_00_0
51373,3_b7_1
51380,6_00_0
51410,5_b8_1
51427,1_00_0
51428,4_00_0
51443,3_b6_1
51450,3_b8_1
51461,6_00_0
51466,3_00_0
51482,3_b3_1
51490,5_b7_1
51500,3_00_0
51518,6_00_0
51525,5_b7_1
51532,3_00_0
51541,3_b6_1
51549,5_00_0
51571,3_b6_1
51576,1_00_0
51590,5_b7_1
51609,6_00_0
51613,5_b8_1
51630,4_00_0
51634,3_00_0
51637,4_00_0
51652,1_00_0
51671,6_a12_2
51686,3_b8_1
51699,3_00_0
51700,4_00_0
51704,3_b8_1
51714,6_00_0
51716,3_a9_2
51722,3_00_0
51738,3_00_0
51740,1_00_0
51742,3_00_0
51799,3_a9_1
51802,6_a11_1
51807,4_00_0
51810,5_b6_1
51813,1_00_0
51817,3_00_0
51832,5_b6_1
51846,3_00_0
51879,3_00_0
51886,6_00_0
51891,5_b6_1
51905,1_00_0
51949,5_a7_2
51951,5_00_0
51960,4_00_0
51962,1_00_0
51966,3_b8_1
51970,5_b6_1
51973,1_00_0
52008,5_00_0
52016,2_00_0
52031,2_a5_2
52038,3_00_0
52041,3_a9_1
52043,3_b8_1
52066,4_00_0
52082,4_00_0
52085,6_00_0
52086,6_00_0
52088,6_00_0
52093,4_00_0
52106,3_b7_1
52110,3_b7_1
52140,3_00_0
52146,5_b7_1
52156,6_00_0
52163,5_b6_1
52188,3_00_0
52197,3_b8_1
52206,1_00_0
52219,5_b8_1
52222,1_00_0
52249,3_00_0
52254,3_00_0
52256,4_00_0
52283,6_00_0
52318,2_00_0
52325,1_00_0
52332,5_b8_1
52333,4_00_0
52334,6_00_0
52342,6_b4_1
52346,6_00_0
52355,5_b7_1
52357,3_a9_3
52359,3_00_0
52364,3_a9_2
52371,6_00_0
52375,4_00_0
52381,4_00_0
52388,5_b8_1
52391,3_00_0
52446,4_00_0
52454,3_a9_1
52467,3_b8_1
52470,2_a5_2
52473,3_b8_1
52478,1_00_0
52485,6_00_0
52486,5_00_0
52491,3_b8_1
52492,3_00_0
52496,5_b6_1
52513,4_00_0
52515,4_00_0
52519,3_00_0
52527,1_00_0
52535,3_00_0
52540,3_00_0
52554,3_00_0
52562,3_00_0
52568,6_a12_2
52582,1_00_0
52609,5_b7_1
52613,2_a5_2
52618,4_00_0
52629,5_b6_1
52647,3_00_0
52678,6_00_0
52682,6_00_0
52689,3_00_0
52753,3_a9_1
52758,3_a9_1
52761,6_00_0
52774,3_b3_1
52793,3_00_0
52800,2_a5_2
52802,2_a5_2
52807,5_b7_1
52810,1_00_0
52826,5_b8_1
52837,5_00_0
52839,3_00_0
52840,6_00_0
52866,3_a9_1
52905,1_00_0
52910,3_b8_1
52912,2_a5_2
52916,6_00_0
52934,2_00_0
52944,3_00_0
52948,1_00_0
52967,1_00_0
52970,4_00_0
52972,3_00_0
52982,3_b7_1
52986,4_00_0
52989,3_00_0
53001,3_b3_1
53006,3_00_0
53009,1_00_0
53025,6_00_0
53044,3_00_0
53045,6_00_0
53072,4_00_0
53087,6_00_0
53099,6_00_0
53106,1_00_0
53109,3_b6_1
53112,3_00_0
53116,3_00_0
53117,3_b6_1
53119,6_00_0
53152,5_b7_1
53159,2_a5_2
53160,6_00_0
53184,3_00_0
53217,3_a9_3
53231,4_00_0
53262,1_00_0
53280,4_00_0
53289,5_a7_2
53291,3_a9_1
53305,3_00_0
53310,3_b8_1
53314,4_00_0
53322,6_00_0
53334,4_00_0
53349,3_00_0
53350,3_00_0
53354,5_b8_1
53365,5_b7_1
53372,3_00_0
53377,3_00_0
53396,3_00_0
53412,3_a9_1
53416,1_00_0
53429,4_00_0
53434,3_b8_1
53439,5_b8_1
53442,6_00_0
53472,6_00_0
53475,4_00_0
53482,4_00_0
53492,1_00_0
53504,4_00_0
53506,4_00_0
53508,1_00_0
53512,3_00_0
53547,4_00_0
53559,4_00_0
53560,3_a9_1
53563,3_00_0
53565,1_00_0
53618,1_00_0
53632,4_00_0
53644,4_00_0
53667,1_00_0
53726,1_00_0
53735,5_b8_1
53736,6_a11_1
53740,1_00_0
53748,5_00_0
53751,5_b7_1
53755,3_00_0
53758,1_00_0
53768,4_00_0
53770,3_00_0
53772,4_00_0
53773,3_b3_1
53784,3_00_0
53801,3_a9_1
53803,3_a9_2
53819,6_00_0
53820,4_00_0
53852,3_a9_1
53853,6_00_0
53871,4_00_0
53896,4_00_0
53911,6_00_0
53916,6_00_0
53919,4_00_0
53924,6_00_0
53936,4_00_0
53945,3_00_0
53950,5_b8_1
53969,4_00_0
53971,5_b8_1
53973,2_a5_2
53976,1_00_0
53980,3_00_0
53984,3_a9_3
54017,6_00_0
54037,1_00_0
54040,6_00_0
54047,6_a12_2
54060,1_00_0
54096,2_00_0
54097,3_00_0
54119,6_b5_1
54133,4_00_0
54137,6_00_0
54158,4_00_0
54162,3_00_0
54185,4_00_0
54204,2_a5_2
54235,3_00_0
54240,6_00_0
54247,3_00_0
54259,4_00_0
54265,3_b8_1
54285,3_a9_2
54292,3_b6_1
54334,4_00_0
54358,5_b7_1
54360,4_00_0
54370,3_00_0
54377,5_a7_2
54393,3_00_0
54411,4_00_0
54417,1_00_0
54419,6_00_0
54420,3_a9_1
54430,5_a7_2
54448,3_b3_1
54449,6_00_0
54450,6_00_0
54484,3_00_0
54490,6_00_0
54510,6_00_0
54515,3_b7_1
54530,6_00_0
54540,3_00_0
54549,3_00_0
54577,3_b7_1
54578,2_a5_2
54581,3_b7_1
54602,5_b8_1
54605,5_b8_1
54632,3_00_0
54641,4_00_0
54644,3_00_0
54653,3_b7_1
54669,3_b8_1
54679,1_00_0
54681,6_00_0
54690,3_00_0
54692,3_b8_1
54698,4_00_0
54710,6_b5_1
54714,1_00_0
54716,1_00_0
54718,3_00_0
54745,3_b7_1
54763,3_b7_1
54766,3_00_0
54772,4_00_0
54788,4_00_0
54796,3_00_0
54797,3_00_0
54800,6_00_0
54804,4_00_0
54817,5_b7_1
54839,3_b6_1
54851,1_00_0
54860,6_00_0
54866,4_00_0
54869,6_b4_3
54880,6_b5_1
54897,3_00_0
54904,4_00_0
54932,6_00_0
54937,3_a9_1
54941,5_b7_1
54949,4_00_0
54962,5_a7_2
55002,2_a5_2
55005,3_00_0
55025,1_00_0
55039,5_b7_1
55044,3_00_0
55055,3_00_0
55065,3_a9_2
55069,6_a11_1
55084,4_00_0
55101,6_00_0
55108,6_00_0
55123,4_00_0
55130,6_00_0
55133,6_00_0
55135,3_00_0
55141,4_00_0
55155,6_00_0
55166,6_00_0
55176,5_00_0
55177,6_00_0
55179,5_a7_2
55203,1_00_0
55213,3_00_0
55249,3_00_0
55251,3_a9_1
55264,6_00_0
55275,2_00_0
55277,1_00_0
55282,6_00_0
55293,1_00_0
55297,1_00_0
55298,4_00_0
55299,3_b3_1
55308,4_00_0
55309,2_00_0
55313,1_00_0
55314,4_00_0
55315,3_b7_1
55327,1_00_0
55331,3_a9_2
55335,5_b8_1
55344,3_b7_1
55348,3_00_0
55350,1_00_0
55351,4_00_0
55361,4_00_0
55394,6_00_0
55401,4_00_0
55449,4_00_0
55450,4_00_0
55455,3_00_0
55459,1_00_0
55474,3_b7_1
55479,2_00_0
55481,4_00_0
55493,3_00_0
55502,6_00_0
55505,6_a11_1
55507,3_b3_1
55511,5_b8_1
55517,3_00_0
55526,3_00_0
55527,1_00_0
55530,3_00_0
55535,4_00_0
55539,1_00_0
55543,3_00_0
55547,6_00_0
55548,3_00_0
55550,3_00_0
55560,5_00_0
55564,6_00_0
55580,3_00_0
55594,3_b7_1
55605,5_b7_1
55610,3_00_0
55626,3_b6_1
55632,5_00_0
55637,2_00_0
55649,3_00_0
55652,3_b8_1
55659,5_b6_1
55662,5_b8_1
55689,3_00_0
55690,1_00_0
55700,4_00_0
55710,1_00_0
55716,6_00_0
55724,6_00_0
55730,3_b3_1
55732,1_00_0
55735,6_00_0
55740,3_a9_2
55748,3_00_0
55750,2_a5_2
55756,3_b7_1
55759,3_a9_2
55796,4_00_0
55804,3_00_0
55807,3_00_0
55811,6_00_0
55830,3_a9_2
55833,5_b8_1
55834,4_00_0
55835,3_b7_1
55844,3_00_0
55847,3_b6_1
55848,3_00_0
55858,6_00_0
55870,3_a9_1
55889,5_00_0
55895,4_00_0
55905,6_00_0
55906,4_00_0
55913,3_b7_1
55914,5_a7_2
55922,1_00_0
55945,1_00_0
55958,4_00_0
56017,4_00_0
56027,6_00_0
56044,3_00_0
56053,3_00_0
56068,5_b8_1
56069,5_00_0
56081,5_b7_1
56091,2_00_0
56108,6_00_0
56123,3_b3_1
56139,3_b7_1
56141,1_00_0
56152,6_00_0
56161,2_a5_2
56165,4_00_0
56166,3_00_0
56174,4_00_0
56176,3_00_0
56180,6_00_0
56198,3_00_0
56207,5_b7_1
56215,1_00_0
56219,3_b7_1
56238,3_00_0
56242,3_a9_1
56256,4_00_0
56264,6_00_0
56269,3_a9_1
56271,6_00_0
56307,3_b7_1
56313,1_00_0
56317,1_00_0
56318,4_00_0
56320,3_00_0
56324,3_00_0
56328,3_00_0
56330,1_00_0
56336,3_a9_1
56340,3_a9_2
56342,6_00_0
56351,6_00_0
56363,3_00_0
56381,3_00_0
56390,1_00_0
56391,3_00_0
56396,3_b8_1
56418,1_00_0
56426,6_00_0
56433,5_b6_1
56435,3_00_0
56457,3_00_0
56459,1_00_0
56461,5_b6_1
56472,5_b7_1
56482,3_00_0
56493,3_b6_1
56496,6_00_0
56517,3_b3_1
56529,1_00_0
56530,3_00_0
56536,5_b7_1
56537,2_a5_2
56544,3_00_0
56561,3_00_0
56570,6_b4_3
56572,5_b8_1
56574,4_00_0
56575,6_b5_1
56577,4_00_0
56584,3_00_0
56588,6_00_0
56611,2_a5_2
56618,3_00_0
56629,3_00_0
56636,2_a5_2
56647,4_00_0
56648,3_00_0
56655,6_00_0
56659,6_00_0
56688,6_a12_1
56702,3_00_0
56705,4_00_0
56710,6_b4_1
56724,3_00_0
56726,5_b7_1
56728,2_a5_2
56731,3_00_0
56734,4_00_0
56736,3_a9_3
56739,5_a7_2
56742,6_00_0
56752,3_b8_1
56764,3_a9_2
56783,3_b6_1
56797,1_00_0
56825,3_00_0
56834,5_b6_1
56852,5_b7_1
56855,4_00_0
56868,6_00_0
56869,1_00_0
56879,2_00_0
56890,3_00_0
56893,3_a9_1
56895,3_a9_2
56904,3_b8_1
56908,5_b7_1
56912,4_00_0
56916,1_00_0
56920,4_00_0
56921,3_00_0
56925,4_00_0
56933,6_00_0
56937,1_00_0
56945,2_a5_2
56954,4_00_0
56957,2_00_0
56962,3_00_0
56968,4_00_0
56982,1_00_0
56988,1_00_0
57015,3_00_0
57019,4_00_0
57020,3_00_0
57021,4_00_0
57023,3_00_0
57030,6_00_0
57034,4_00_0
57043,4_00_0
57051,3_00_0
57053,6_a12_2
57057,6_a11_2
57071,1_00_0
57074,1_00_0
57079,3_b6_1
57090,5_b8_1
57128,6_00_0
57132,4_00_0
57155,4_00_0
57159,3_00_0
57169,3_00_0
57171,3_00_0
57173,4_00_0
57185,5_b6_1
57188,5_b8_1
57192,6_00_0
57193,6_00_0
57205,4_00_0
57228,5_b7_1
57238,1_00_0
57243,4_00_0
57275,6_00_0
57284,5_b8_1
57289,3_00_0
57290,3_00_0
57302,4_00_0
57304,1_00_0
57305,4_00_0
57314,1_00_0
57322,3_b3_1
57327,3_a9_2
57328,2_a5_2
57334,6_00_0
57335,6_b4_3
57341,3_a9_1
57342,1_00_0
57345,2_a5_2
57351,6_00_0
57375,3_00_0
57380,3_00_0
57390,6_00_0
57399,1_00_0
57400,3_b6_1
57415,6_00_0
57419,3_b7_1
57429,3_00_0
57435,4_00_0
57440,5_b6_1
57453,6_00_0
57473,4_00_0
57480,5_b8_1
57482,6_a11_1
57493,3_00_0
57516,4_00_0
57537,3_00_0
57561,1_00_0
57563,4_00_0
57568,3_00_0
57580,3_00_0
57582,4_00_0
57592,6_00_0
57596,3_00_0
57614,4_00_0
57635,2_00_0
57645,4_00_0
57649,4_00_0
57658,1_00_0
57662,3_b8_1
57665,4_00_0
57667,4_00_0
57668,3_00_0
57706,2_a5_2
57713,4_00_0
57716,3_00_0
57717,4_00_0
57719,1_00_0
57720,4_00_0
57722,5_00_0
57730,4_00_0
57731,2_a5_2
57738,3_00_0
57742,5_b6_1
57764,6_00_0
57770,6_00_0
57781,6_00_0
57783,3_00_0
57786,1_00_0
57806,6_00_0
57812,3_b6_1
57842,3_b8_1
57844,3_00_0
57856,4_00_0
57858,3_00_0
57864,3_00_0
57865,4_00_0
57876,3_00_0
57928,6_a11_2
57946,6_00_0
57962,3_00_0
57964,3_b8_1
57986,6_00_0
57988,5_b6_1
57996,3_b8_1
58014,6_00_0
58016,2_a5_2
58025,6_00_0
58045,3_00_0
58053,3_00_0
58063,4_00_0
58067,1_00_0
58075,5_b8_1
58079,1_00_0
58092,6_00_0
58096,2_a5_2
58098,1_00_0
58111,6_00_0
58122,5_a7_2
58134,5_b8_1
58146,3_a9_1
58148,6_00_0
58157,5_b7_1
58166,2_00_0
58182,6_00_0
58185,1_00_0
58211,3_00_0
58223,6_00_0
58232,6_a12_2
58235,5_b7_1
58242,5_b8_1
58245,4_00_0
58255,1_00_0
58257,3_00_0
58263,3_a9_2
58269,3_00_0
58273,3_00_0
58276,6_00_0
58287,3_00_0
58291,5_b8_1
58322,3_a9_2
58329,2_a5_2
58334,3_00_0
58338,3_00_0
58342,4_00_0
58350,3_00_0
58364,2_00_0
58375,2_a5_2
58382,2_00_0
58401,6_00_0
58403,2_00_0
58413,5_b8_1
58418,3_b3_1
58421,3_b7_1
58422,4_00_0
58424,3_00_0
58439,3_00_0
58446,1_00_0
58464,3_a9_3
58470,3_00_0
58475,6_00_0
58483,3_b3_1
58489,1_00_0
58492,1_00_0
58501,3_a9_2
58505,4_00_0
58514,3_00_0
58520,2_00_0
58537,3_a9_2
58550,5_a7_2
58551,3_a9_2
58564,3_00_0
58572,6_00_0
58590,2_00_0
58599,1_00_0
58614,3_a9_1
58630,1_00_0
58649,3_00_0
58677,1_00_0
58678,3_a9_2
58679,3_a9_1
58687,3_b3_1
58691,6_00_0
58698,6_00_0
58706,4_00_0
58716,3_00_0
58720,6_00_0
58724,3_b8_1
58726,3_00_0
58734,6_00_0
58735,3_b3_1
58765,6_00_0
58781,3_00_0
58820,1_00_0
58822,6_00_0
58837,3_a9_1
58841,3_b7_1
58844,4_00_0
58849,1_00_0
58856,6_b4_3
58860,3_00_0
58868,4_00_0
58880,6_00_0
58887,5_a7_2
58890,3_b3_1
58894,4_00_0
58915,5_b7_1
58938,6_00_0
58950,3_00_0
58963,3_00_0
58971,3_b8_1
58977,2_00_0
59011,3_b3_1
59030,4_00_0
59085,4_00_0
59097,6_00_0
59104,4_00_0
59106,5_b7_1
59123,6_00_0
59125,3_00_0
59126,3_b8_1
59138,3_00_0
59160,6_00_0
59171,1_00_0
59179,3_a9_2
59190,1_00_0
59195,4_00_0
59217,6_00_0
59218,4_00_0
59242,4_00_0
59256,4_00_0
59259,3_b3_1
59266,3_a9_1
59282,4_00_0
59294,6_00_0
59303,3_00_0
59308,3_a9_2
59310,3_a9_1
59313,5_b8_1
59319,2_00_0
59332,6_00_0
59337,3_b8_1
59362,3_b6_1
59374,4_00_0
59406,6_00_0
59408,3_00_0
59418,1_00_0
59435,3_00_0
59436,4_00_0
59447,6_00_0
59448,1_00_0
59451,3_a9_2
59458,3_00_0
59460,6_00_0
59465,4_00_0
59473,1_00_0
59474,3_a9_1
59480,1_00_0
59492,3_00_0
59500,1_00_0
59501,6_00_0
59509,3_00_0
59518,1_00_0
59522,1_00_0
59556,3_a9_2
59566,6_a11_1
59580,6_00_0
59597,5_b6_1
59598,6_00_0
59600,6_00_0
59607,3_00_0
59631,4_00_0
59635,5_b8_1
59645,5_b6_1
59648,6_00_0
59653,6_a11_2
59666,4_00_0
59671,1_00_0
59680,4_00_0
59690,4_00_0
59713,1_00_0
59715,3_b3_1
59716,3_00_0
59728,5_b7_1
59753,4_00_0
59755,1_00_0
59766,3_a9_1
59772,3_00_0
59783,4_00_0
59787,3_b3_1
59791,2_a5_2
59795,4_00_0
59796,1_00_0
59808,4_00_0
59830,3_00_0
59836,3_00_0
59837,4_00_0
59845,1_00_0
59855,3_a9_3
59866,3_a9_2
59869,2_a5_2
59875,6_b5_1
59898,3_00_0
59904,1_00_0
59918,3_b7_1
59923,6_00_0
59926,3_b7_1
59930,4_00_0
59933,6_b4_3
59937,5_00_0
59945,4_00_0
59952,3_00_0
59957,6_a11_2
59959,3_00_0
59963,6_00_0
59979,3_00_0
59981,4_00_0
59988,3_00_0
60006,1_00_0
60009,3_00_0
60011,3_a9_1
60032,5_b6_1
60036,3_00_0
60037,6_00_0
60041,4_00_0
60042,3_b3_1
60045,2_00_0
60046,4_00_0
60047,2_a5_2
60062,6_a12_2
60072,3_00_0
60074,4_00_0
60090,3_00_0
60102,2_a5_2
60107,3_00_0
60126,4_00_0
60133,3_a9_2
60150,6_00_0
60154,4_00_0
60156,6_00_0
60209,3_00_0
60220,1_00_0
60224,1_00_0
60226,3_00_0
60229,5_a7_2
60246,4_00_0
60251,3_00_0
60284,3_a9_2
60307,1_00_0
60312,1_00_0
60332,6_00_0
60343,5_b6_1
60347,3_00_0
60351,6_00_0
60357,1_00_0
60378,3_a9_1
60389,3_b7_1
60409,4_00_0
60421,5_b6_1
60450,3_b8_1
60462,3_b3_1
60468,3_a9_1
60473,3_00_0
60478,3_a9_2
60482,3_b3_1
60499,3_b3_1
60500,6_00_0
60516,3_b3_1
60523,3_b8_1
60529,3_a9_3
60531,4_00_0
60544,1_00_0
60548,4_00_0
60560,4_00_0
60566,3_00_0
60567,4_00_0
60569,1_00_0
60576,2_00_0
60578,5_b8_1
60579,3_b8_1
60584,5_b6_1
60610,1_00_0
60614,3_b8_1
60616,6_b5_1
60617,3_a9_2
60627,3_a9_1
60643,5_b7_1
60647,2_a5_2
60652,3_b3_1
60653,3_00_0
60659,1_00_0
60665,6_00_0
60681,6_00_0
60685,4_00_0
60686,1_00_0
60688,6_00_0
60705,4_00_0
60740,6_00_0
60746,3_a9_2
60759,3_00_0
60787,1_00_0
60799,4_00_0
60800,4_00_0
60808,3_b8_1
60818,1_00_0
60838,3_b6_1
60843,5_b8_1
60855,3_00_0
60864,3_00_0
60871,4_00_0
60896,4_00_0
60900,4_00_0
60912,3_b7_1
60921,1_00_0
60938,3_b7_1
60947,1_00_0
60974,4_00_0
60976,5_b7_1
60979,4_00_0
60990,6_b5_1
61001,3_b8_1
61004,3_00_0
61006,1_00_0
61019,5_b7_1
61024,4_00_0
61029,3_00_0
61041,3_b6_1
61055,5_00_0
61075,3_b7_1
61085,6_00_0
61087,3_a9_3
61118,4_00_0
61126,1_00_0
61137,3_b8_1
61153,2_a5_2
61156,6_00_0
61190,6_a11_1
61195,3_b7_1
61200,1_00_0
61205,1_00_0
61245,3_00_0
61251,1_00_0
61253,3_00_0
61271,3_b8_1
61275,6_00_0
61279,3_b7_1
61310,4_00_0
61324,1_00_0
61328,6_00_0
61331,6_00_0
61354,3_b3_1
61359,3_00_0
61363,5_00_0
61366,3_00_0
61367,6_00_0
61373,5_b6_1
61378,4_00_0
61383,6_00_0
61397,3_00_0
61402,6_a12_2
61405,4_00_0
61416,3_b3_1
61421,6_00_0
61435,4_00_0
61444,1_00_0
61453,3_b8_1
61476,6_00_0
61487,3_00_0
61507,4_00_0
61508,1_00_0
61511,1_00_0
61513,6_a11_1
61515,3_00_0
61517,5_b8_1
61528,3_00_0
61571,1_00_0
61579,6_00_0
61582,5_b7_1
61586,2_00_0
61592,5_a7_2
61595,5_a7_2
61604,4_00_0
61605,5_b6_1
61611,2_a5_2
61612,6_00_0
61622,3_a9_1
61626,4_00_0
61644,3_a9_1
61648,3_b3_1
61660,1_00_0
61665,6_00_0
61680,3_b8_1
61683,2_a5_2
61684,3_00_0
61700,5_b6_1
61714,6_00_0
61725,6_00_0
61727,2_a5_2
61730,2_a5_2
61762,3_b6_1
61769,5_b7_1
61774,1_00_0
61781,5_b7_1
61795,3_00_0
61798,1_00_0
61800,2_a5_2
61807,3_b3_1
61817,3_00_0
61826,3_00_0
61838,3_b6_1
61875,3_00_0
61878,3_a9_3
61890,6_00_0
61907,6_00_0
61909,3_00_0
61914,5_b8_1
61917,6_00_0
61930,3_00_0
61943,6_00_0
61944,3_00_0
61953,1_00_0
61961,5_b6_1
61965,3_00_0
61984,5_b7_1
61988,3_00_0
61989,3_00_0
62003,6_00_0
62008,3_00_0
62016,5_b7_1
62028,5_b6_1
62032,3_b6_1
62040,6_b4_1
62073,3_00_0
62074,4_00_0
62080,5_b7_1
62093,3_a9_1
62094,4_00_0
62098,1_00_0
62110,6_00_0
62112,4_00_0
62113,5_a7_2
62118,5_b7_1
62123,3_00_0
62125,3_00_0
62131,3_b3_1
62136,4_00_0
62141,3_00_0
62156,6_00_0
62169,3_b3_1
62192,3_00_0
62195,5_b8_1
62204,6_00_0
62206,4_00_0
62213,6_a11_1
62218,3_b6_1
62232,4_00_0
62241,3_00_0
62249,2_a5_2
62256,2_a5_2
62272,1_00_0
62275,4_00_0
62312,6_00_0
62328,1_00_0
62333,2_00_0
62337,3_b8_1
62340,4_00_0
62347,1_00_0
62350,4_00_0
62355,5_00_0
62371,3_00_0
62372,4_00_0
62373,2_a5_2
62375,6_00_0
62379,1_00_0
62388,6_00_0
62396,3_00_0
62400,3_b8_1
62407,1_00_0
62413,1_00_0
62420,4_00_0
62431,3_00_0
62450,3_b3_1
62451,1_00_0
62453,5_b6_1
62476,5_b8_1
62478,6_00_0
62483,6_00_0
62487,3_00_0
62507,3_a9_1
62508,1_00_0
62515,5_b8_1
62520,3_b6_1
62527,1_00_0
62535,6_00_0
62542,2_00_0
62548,6_00_0
62554,6_00_0
62563,3_00_0
62571,3_b7_1
62575,3_b3_1
62587,3_b3_1
62606,4_00_0
62607,3_00_0
62618,4_00_0
62625,5_b8_1
62627,2_a5_2
62640,3_00_0
62655,2_00_0
62662,5_b7_1
62668,3_00_0
62676,4_00_0
62683,1_00_0
62686,2_a5_2
62687,5_b7_1
62700,5_b6_1
62702,3_00_0
62718,3_b3_1
62720,3_b3_1
62721,6_00_0
62740,3_00_0
62741,4_00_0
62755,6_00_0
62775,6_00_0
62778,3_00_0
62783,4_00_0
62816,2_00_0
62821,2_a5_2
62824,3_00_0
62827,3_00_0
62828,4_00_0
62835,1_00_0
62841,4_00_0
62846,5_b6_1
62850,6_00_0
62864,3_b7_1
62866,6_a11_1
62871,5_00_0
62881,1_00_0
62890,6_00_0
62893,1_00_0
62912,3_a9_1
62924,1_00_0
62928,5_a7_2
62940,1_00_0
62955,1_00_0
62960,1_00_0
62961,1_00_0
62963,4_00_0
62968,5_b7_1
62969,3_b6_1
62974,1_00_0
62976,3_a9_3
63006,3_b7_1
63012,4_00_0
63015,5_a7_2
63016,5_b6_1
63030,1_00_0
63066,3_00_0
63075,5_a7_2
63086,1_00_0
63094,1_00_0
63130,6_00_0
63136,3_00_0
63154,4_00_0
63163,3_00_0
63191,3_00_0
63209,6_00_0
63215,6_00_0
63221,6_00_0
63260,4_00_0
63262,3_00_0
63277,1_00_0
63286,3_00_0
63330,3_b7_1
63333,6_00_0
63337,3_00_0
63347,4_00_0
63376,3_00_0
63389,4_00_0
63412,3_00_0
63423,4_00_0
63436,5_b7_1
63443,4_00_0
63482,4_00_0
63488,1_00_0
63496,3_b8_1
63509,1_00_0
63514,6_00_0
63538,3_b8_1
63540,4_00_0
63553,1_00_0
63568,1_00_0
63570,6_00_0
63576,3_00_0
63601,5_00_0
63608,4_00_0
63610,3_00_0
63614,3_00_0
63625,3_00_0
63631,3_00_0
63632,3_00_0
63640,4_00_0
63658,3_00_0
63660,3_b8_1
63665,6_00_0
63672,2_00_0
63680,5_b6_1
63683,6_00_0
63702,6_00_0
63711,1_00_0
63718,4_00_0
63721,4_00_0
63737,3_a9_3
63738,3_a9_2
63756,4_00_0
63764,3_b8_1
63769,2_00_0
63797,4_00_0
63805,3_b3_1
63814,3_a9_2
63815,5_b7_1
63828,3_00_0
63830,1_00_0
63831,6_a11_2
63832,4_00_0
63839,5_b6_1
63840,2_00_0
63870,1_00_0
63887,3_a9_2
63895,4_00_0
63897,3_00_0
63914,4_00_0
63921,6_00_0
63923,3_00_0
63938,6_00_0
63949,4_00_0
63950,3_b8_1
63992,6_00_0
63997,3_00_0
64001,3_00_0
64018,1_00_0
64029,3_b6_1
64030,3_00_0
64043,3_00_0
64060,1_00_0
64099,4_00_0
64101,1_00_0
64103,3_00_0
64119,6_00_0
64120,2_a5_2
64150,4_00_0
64182,6_00_0
64188,4_00_0
64192,3_00_0
64208,5_a7_2
64211,4_00_0
64220,1_00_0
64225,3_a9_3
64243,4_00_0
64246,1_00_0
64247,1_00_0
64248,3_00_0
64253,5_b8_1
64254,3_00_0
64285,1_00_0
64289,4_00_0
64303,6_00_0
64313,3_00_0
64314,3_00_0
64323,6_00_0
64324,1_00_0
64325,1_00_0
64330,4_00_0
64336,1_00_0
64346,3_00_0
64349,2_a5_2
64372,5_b6_1
64373,3_b6_1
64376,3_00_0
64384,6_00_0
64388,6_00_0
64390,3_b6_1
64401,3_b3_1
64403,3_00_0
64408,2_a5_2
64421,6_00_0
64441,3_00_0
64445,6_00_0
64453,6_00_0
64460,6_00_0
64464,3_00_0
64494,4_00_0
64496,5_b7_1
64503,5_b6_1
64518,4_00_0
64523,5_b8_1
64524,3_00_0
64528,1_00_0
64535,6_00_0
64539,1_00_0
64540,1_00_0
64546,3_00_0
64549,3_00_0
64567,3_b3_1
64576,6_a11_1
64580,6_00_0
64585,3_b6_1
64591,3_b6_1
64594,3_b7_1
64603,6_a11_2
64615,1_00_0
64650,3_00_0
64655,3_a9_1
64661,3_b6_1
64665,6_00_0
64678,4_00_0
64684,3_00_0
64690,3_00_0
64710,1_00_0
64711,3_a9_3
64715,3_00_0
64736,5_b6_1
64745,6_00_0
64761,5_b6_1
64777,3_00_0
64797,2_a5_2
64799,3_a9_1
64801,6_00_0
64804,5_b7_1
64816,1_00_0
64838,5_b8_1
64842,2_a5_2
64884,3_00_0
64886,5_a7_2
64906,3_00_0
64909,3_b3_1
64911,3_00_0
64927,3_00_0
64931,3_00_0
64935,4_00_0
64939,1_00_0
64943,6_00_0
64944,6_00_0
64955,5_b7_1
64963,5_00_0
64965,6_00_0
64970,3_b7_1
64982,6_00_0
64998,5_b8_1
65008,1_00_0
65010,6_00_0
65014,6_00_0
65017,1_00_0
65023,4_00_0
65030,3_b3_1
65042,6_00_0
65043,3_a9_1
65054,1_00_0
65055,5_b8_1
65073,3_b3_1
65081,3_00_0
65083,3_00_0
65096,3_00_0
65106,6_00_0
65119,5_a7_2
65176,4_00_0
65186,1_00_0
65200,4_00_0
65203,6_00_0
65213,3_b6_1
65215,5_b7_1
65221,4_00_0
65246,6_00_0
65256,4_00_0
65269,3_00_0
65278,5_b8_1
65280,6_00_0
65281,3_00_0
65287,3_00_0
65295,3_a9_1
65296,5_b8_1
65301,3_00_0
65312,3_b6_1
65324,2_a5_2
65356,4_00_0
65359,4_00_0
65374,3_00_0
65382,6_00_0
65408,2_00_0
65424,6_00_0
65428,4_00_0
65429,3_b7_1
65435,3_a9_3
65436,3_00_0
65463,3_00_0
65480,1_00_0
65499,5_b7_1
65504,6_00_0
65510,1_00_0
65518,1_00_0
65533,4_00_0
65537,1_00_0
65564,3_b8_1
65569,1_00_0
65589,5_b8_1
65592,3_00_0
65613,6_00_0
65620,6_00_0
65621,3_00_0
65690,6_00_0
65694,2_00_0
65716,4_00_0
65724,3_00_0
65725,3_00_0
65733,6_00_0
65744,3_00_0
65757,6_00_0
65763,3_b3_1
65779,3_00_0
65789,3_00_0
65826,5_b6_1
65834,5_b8_1
65835,3_00_0
65841,3_00_0
65877,5_b7_1
65896,3_b8_1
65906,1_00_0
65916,5_b7_1
65941,1_00_0
65957,3_a9_1
65961,6_00_0
65965,4_00_0
65968,4_00_0
65999,5_b6_1
66008,4_00_0
66017,1_00_0
66030,6_b4_1
66042,3_b7_1
66060,4_00_0
66064,3_b6_1
66067,3_00_0
66074,6_00_0
66082,4_00_0
66086,3_a9_1
66090,3_00_0
66101,5_b6_1
66103,6_00_0
66111,6_00_0
66131,5_b8_1
66136,6_00_0
66137,4_00_0
66146,1_00_0
66149,6_00_0
66166,4_00_0
66173,1_00_0
66176,6_00_0
66178,3_00_0
66182,6_00_0
66194,5_a7_2
66202,3_b7_1
66216,1_00_0
66268,3_00_0
66269,3_00_0
66270,3_a9_1
66281,6_00_0
66284,6_00_0
66302,5_b6_1
66316,3_b3_1
66323,6_00_0
66341,4_00_0
66348,3_b8_1
66349,1_00_0
66354,5_b8_1
66355,2_a5_2
66379,3_b7_1
66393,6_b5_1
66395,3_00_0
66397,6_00_0
66401,3_00_0
66412,3_00_0
66461,5_b6_1
66465,4_00_0
66470,4_00_0
66475,5_b6_1
66477,3_00_0
66485,5_b6_1
66502,5_b7_1
66503,2_a5_2
66512,1_00_0
66525,6_00_0
66526,6_00_0
66529,3_b3_1
66536,3_00_0
66537,3_00_0
66541,6_00_0
66563,4_00_0
66578,1_00_0
66579,5_b8_1
66582,5_a7_2
66597,1_00_0
66598,3_00_0
66624,3_b7_1
66655,6_00_0
66659,6_00_0
66661,3_00_0
66675,4_00_0
66678,6_00_0
66685,3_00_0
66717,3_00_0
66723,5_b8_1
66729,6_a12_2
66758,5_b7_1
66761,6_00_0
66784,3_00_0
66785,1_00_0
66806,1_00_0
66809,4_00_0
66813,5_b8_1
66834,4_00_0
66835,1_00_0
66842,6_a11_1
66851,1_00_0
66859,3_b8_1
66869,5_b8_1
66896,6_00_0
66902,4_00_0
66905,1_00_0
66913,6_00_0
66918,5_a7_2
66927,2_00_0
66947,1_00_0
66972,6_00_0
66983,3_00_0
66989,4_00_0
66990,4_00_0
66997,1_00_0
66999,6_00_0
67002,4_00_0
67003,6_00_0
67011,3_a9_2
67023,1_00_0
67028,4_00_0
67041,4_00_0
67054,3_00_0
67079,3_b3_1
67082,6_a12_1
67086,3_00_0
67092,6_00_0
67120,1_00_0
67138,1_00_0
67153,5_b7_1
67154,3_b6_1
67157,4_00_0
67177,4_00_0
67183,3_b6_1
67201,4_00_0
67227,2_a5_2
67230,3_b3_1
67239,3_b3_1
67241,3_b7_1
67243,3_00_0
67247,4_00_0
67250,3_00_0
67263,2_00_0
67301,3_b7_1
67310,6_00_0
67328,6_00_0
67332,3_00_0
67348,6_b4_1
67365,3_00_0
67373,6_00_0
67376,3_b6_1
67382,5_b7_1
67386,4_00_0
67414,6_00_0
67420,3_b8_1
67421,5_b7_1
67423,3_a9_2
67430,3_a9_1
67465,4_00_0
67469,1_00_0
67492,4_00_0
67496,3_a9_1
67499,2_00_0
67524,5_a7_2
67528,4_00_0
67534,3_b3_1
67539,3_00_0
67541,3_00_0
67546,2_00_0
67548,3_b7_1
67551,6_a12_2
67553,3_a9_3
67558,3_b3_1
67564,2_00_0
67574,5_a7_2
67580,3_00_0
67588,4_00_0
67590,4_00_0
67592,4_00_0
67595,5_a7_2
67633,1_00_0
67636,3_b6_1
67640,3_00_0
67644,1_00_0
67647,2_a5_2
67649,1_00_0
67678,5_b6_1
